global_step,lr,policy_loss,value_loss,entropy,approx_kl,clipfrac,ratio_min,ratio_max,explained_var,sps
2048,0.0003,-0.08590859174728394,0.5660765171051025,4.266956329345703,0.03164883479767013,0.24384765625,0.08655595034360886,6.645696640014648,-0.19441347073765236,653
4096,0.0002993852459016393,0.12378726154565811,0.24799537658691406,4.25850248336792,0.3248605918081012,0.50419921875,7.766216003801674e-05,143.6418914794922,0.23941004293644974,729
6144,0.00029877049180327867,-0.11392651498317719,0.04002423956990242,4.206820964813232,1.4212578341015614,0.76083984375,1.1327450782916415e-10,89.32138061523438,0.41295376014345286,812
8192,0.000298155737704918,-0.40715041756629944,0.0030285194516181946,4.175165176391602,0.34081058917799967,0.53916015625,3.528608795022592e-05,62.9982795715332,0.5876026355057492,849
10240,0.00029754098360655737,-0.18568922579288483,0.03432716429233551,4.161052703857422,0.8907388792460551,0.817431640625,7.247544272104278e-05,75.54110717773438,0.733627390416029,878
12288,0.0002969262295081967,-0.4264861047267914,0.026683444157242775,4.1007981300354,1.7516806587867904,0.84326171875,1.8275303492742978e-09,96.01117706298828,-0.2997294271821742,885
14336,0.00029631147540983607,-0.22447341680526733,0.011217565275728703,4.060679912567139,0.5712636540585663,0.6953125,0.00014732011186424643,79.30778503417969,0.2753022175033978,890
16384,0.00029569672131147536,-0.1058519259095192,0.012317448854446411,4.013322353363037,0.22681011794193182,0.56328125,0.00011795267346315086,36.38117218017578,0.6443146076609785,890
18432,0.0002950819672131147,-0.2564238905906677,0.026569468900561333,3.9855594635009766,1.1018149583629566,0.692724609375,1.1297707658286527e-08,465.64990234375,0.7860089086592859,889
20480,0.00029446721311475406,-0.07824933528900146,0.012791593559086323,3.9539942741394043,0.8347417298995424,0.750341796875,3.1500138675255585e-07,263.0188293457031,0.8479884178715966,890
22528,0.0002938524590163934,-0.3341112434864044,0.008233162574470043,3.9029712677001953,1.5501304215489653,0.701611328125,5.532266485197557e-12,65.59089660644531,0.2471732276903843,889
24576,0.00029323770491803276,-0.21358850598335266,0.017032597213983536,3.832864999771118,0.4420940290205181,0.6494140625,7.023190391919343e-06,38.35084915161133,0.798935573222709,888
26624,0.0002926229508196721,-0.32090070843696594,0.005309967324137688,3.7794928550720215,1.3104019371559843,0.673583984375,1.247911604780605e-12,160.04335021972656,0.9323777354600434,885
28672,0.00029200819672131145,-0.5359060168266296,0.0021362139377743006,3.7204813957214355,2.8398803906922696,0.713037109375,3.955281972159591e-18,406.5896301269531,0.8781722062092918,883
30720,0.0002913934426229508,-0.41577911376953125,0.00092038739239797,3.684601068496704,3.355188659572741,0.734326171875,2.4708937048079884e-21,94.11792755126953,0.7952817136745671,880
32768,0.00029077868852459015,-0.3506755232810974,0.0012911061057820916,3.639362096786499,4.437700767969363,0.674853515625,2.4889334339113108e-29,40.1512336730957,0.9458209277400548,879
34816,0.00029016393442622945,-0.36465752124786377,0.007479459512978792,3.60158371925354,4.2916196693026,0.744580078125,3.932120009941272e-30,768.4326171875,0.5264685261950874,875
36864,0.00028954918032786885,-0.253757119178772,0.008502736687660217,3.5766069889068604,4.095330972463126,0.78642578125,1.832747886536536e-29,203.33233642578125,0.685070972093468,874
38912,0.0002889344262295082,-0.15728919208049774,0.009512810967862606,3.5342483520507812,1.741782273107674,0.627294921875,4.21899335529609e-18,196.1232452392578,0.7599779849807416,875
40960,0.00028831967213114755,-0.546748161315918,0.002392512746155262,3.507016658782959,0.320182556589134,0.66357421875,0.0015531833050772548,34.92913818359375,0.940629194913355,876
43008,0.00028770491803278684,-0.3225541412830353,0.002819973975419998,3.4745407104492188,0.5764977755898144,0.7296875,6.653634310183065e-10,85.53665924072266,0.895080396090689,878
45056,0.0002870901639344262,-0.2344350516796112,0.0006972972769290209,3.4249091148376465,0.46915639488142913,0.69013671875,1.1729308191377186e-08,286.48065185546875,0.9556457205197223,882
47104,0.00028647540983606554,-0.29236963391304016,0.0007069491548463702,3.3880808353424072,2.717843832061044,0.770947265625,1.723187491734586e-27,238.66603088378906,0.9732840012202336,884
49152,0.0002858606557377049,-0.30579882860183716,0.0006488692597486079,3.36549711227417,0.32278050599561536,0.68212890625,0.0012714603217318654,51.12529754638672,0.9880478483693718,886
51200,0.00028524590163934424,-0.13008031249046326,0.0004010434786323458,3.289585590362549,1.8230077080486808,0.813623046875,2.9055609062264204e-17,120.5776596069336,0.9943519823380292,886
53248,0.0002846311475409836,-0.5287978649139404,0.000271282740868628,3.2259671688079834,2.2646822887822053,0.785009765625,3.2301213925969375e-15,48.03771209716797,0.9853854176322008,887
55296,0.00028401639344262294,-0.39460504055023193,0.011420713737607002,3.126819133758545,5.6395046841586005,0.83271484375,2.666331370719554e-26,246.851318359375,0.31072578168629195,888
57344,0.0002834016393442623,-0.31470033526420593,0.009762082248926163,3.060682535171509,3.600630883142003,0.890283203125,6.608428387844256e-11,577.200439453125,0.8908726775783002,889
59392,0.00028278688524590163,-0.25431114435195923,0.0020252331160008907,3.027998924255371,3.642628626455553,0.801611328125,9.194814279188187e-22,65.38136291503906,0.8805898715820101,890
61440,0.00028217213114754093,-0.5875752568244934,0.013300513848662376,2.9661073684692383,6.344275784422644,0.8267578125,7.471303022240627e-39,89.48094940185547,0.8813792485499898,891
63488,0.0002815573770491803,-0.06634383648633957,0.0011068275198340416,2.9202985763549805,0.4770142593886703,0.6763671875,2.1277341147651896e-05,75.3843994140625,0.9099821736432345,892
65536,0.0002809426229508196,-0.3537561297416687,0.012275644578039646,2.8677945137023926,3.9185520192608236,0.849072265625,2.2682835786787866e-22,66.8632583618164,0.8408349185603388,893
67584,0.00028032786885245903,-0.1980830579996109,0.0011656892020255327,2.8030567169189453,4.795613596308977,0.83193359375,3.0417471169891245e-27,161.726318359375,0.9741634220833025,894
69632,0.0002797131147540983,-0.6298126578330994,0.013273390009999275,2.75051212310791,2.26142539534776,0.82509765625,1.9359817229696284e-14,179.04681396484375,0.7696169837913184,887
71680,0.00027909836065573767,-0.47189635038375854,0.002042697975412011,2.711282730102539,2.2115948749094967,0.806298828125,7.439102805983921e-11,2054.363525390625,0.9537260008729148,848
73728,0.000278483606557377,-0.29292428493499756,0.0009640511125326157,2.6604654788970947,7.487661863004905,0.813720703125,7.26519047492078e-35,2437.65869140625,0.9854133517761363,816
75776,0.00027786885245901637,-0.31687676906585693,0.00039265077793970704,2.593319892883301,5.927657137898495,0.7771484375,8.092087402694518e-27,52.68491744995117,0.9775307263899434,808
77824,0.0002772540983606557,-0.5423485636711121,0.0004760674783028662,2.5652265548706055,0.7505814697215101,0.691064453125,9.844393078495273e-10,89.20824432373047,0.9888769698843582,806
79872,0.00027663934426229507,-0.4416011571884155,0.00421708170324564,2.5201988220214844,8.268251419163425,0.84462890625,8.611224375257789e-34,980.976806640625,0.8526796453318382,804
81920,0.0002760245901639344,-0.30315572023391724,0.0016842697514221072,2.5117971897125244,0.6797803536755964,0.715283203125,2.2894053319788554e-09,211.93807983398438,0.8513052665950553,802
83968,0.00027540983606557377,-1.111707091331482,0.002619426930323243,2.457239866256714,1.1881177136383485,0.790625,6.207587612341858e-13,311.40789794921875,0.8519082504951936,801
86016,0.0002747950819672131,-0.052051085978746414,0.0058062211610376835,2.4022581577301025,2.086901054129703,0.82958984375,3.8474481225677637e-19,118.9674072265625,0.9143991790216983,799
88064,0.0002741803278688524,-0.5075738430023193,0.003845671657472849,2.3211424350738525,4.25514952285157,0.79931640625,1.9364706883411253e-20,79.5274658203125,0.9483607414692161,798
90112,0.00027356557377049176,-0.3109784424304962,0.0031635835766792297,2.319997787475586,6.485783474461641,0.83251953125,1.1635365166129545e-27,390.16619873046875,0.9279467896716563,799
92160,0.0002729508196721311,-0.3973834812641144,0.0034893362317234278,2.301859140396118,3.689369419644936,0.808837890625,3.480914693059391e-23,1075.86083984375,0.9826229970827951,802
94208,0.00027233606557377046,-0.17389895021915436,0.001334314001724124,2.250093698501587,4.712481960025616,0.83125,1.622709126530479e-29,82.65838623046875,0.991010981738405,804
96256,0.0002717213114754098,-0.3551342189311981,0.0006741219549439847,2.1806724071502686,6.154169920529239,0.804833984375,2.6636963146825234e-35,3007.964599609375,0.9924901053698305,805
98304,0.00027110655737704915,-0.19896140694618225,0.0018316821660846472,2.0866434574127197,5.0177541932673195,0.860888671875,7.694626676502074e-25,103.41757202148438,0.9872809476462749,808
100352,0.0002704918032786885,-0.2631867825984955,0.006745447404682636,2.054460287094116,2.7115975594904738,0.859619140625,2.5583515340932284e-12,215.3418426513672,0.9873193384250589,809
102400,0.00026987704918032785,-0.1518087089061737,0.0005584881873801351,2.002243995666504,4.0553355500480395,0.83623046875,2.8132551185681074e-18,111.48734283447266,0.9971018308439924,809
104448,0.00026926229508196715,-0.02141743153333664,0.00038904426037333906,1.943271517753601,2.6921528366277925,0.818115234375,9.214901248739277e-14,213.46450805664062,0.9967775713094928,810
106496,0.00026864754098360655,-0.3234021067619324,0.000307972717564553,1.8913744688034058,2.4134331203385955,0.847998046875,6.183044527763304e-13,188.66412353515625,0.9988616883139584,811
108544,0.0002680327868852459,-0.45946764945983887,0.0004407292290125042,1.8437594175338745,2.437454106064979,0.838720703125,8.069868558113757e-14,168.3467254638672,0.9979360715190629,810
110592,0.00026741803278688525,-0.26242977380752563,0.0004098622011952102,1.7831923961639404,3.672960288042668,0.8583984375,5.7253579311697206e-27,82.15682220458984,0.997593360441442,809
112640,0.0002668032786885246,-0.03777412325143814,0.0005896516377106309,1.715783953666687,0.9543851498165168,0.78505859375,1.1817712364248223e-09,748.5123901367188,0.9984234069918007,807
114688,0.0002661885245901639,-0.12252466380596161,0.0007123224786482751,1.6614645719528198,2.237494219999644,0.814208984375,1.2004662203654685e-20,118.89209747314453,0.9986056724610882,806
116736,0.00026557377049180324,-1.8677197694778442,0.0002781024668365717,1.6215498447418213,2.6678145735728322,0.789453125,9.582000551108567e-25,83.72015380859375,0.9971319816301474,807
118784,0.0002649590163934426,-0.1440970003604889,0.0006714325281791389,1.5775196552276611,1.6430499371752376,0.79814453125,2.088025715871189e-12,50.2949104309082,0.9965006580522044,809
120832,0.00026434426229508194,-0.19897574186325073,0.003918340429663658,1.5426151752471924,0.5711112635268364,0.74541015625,3.314900095574558e-05,249.1050567626953,0.9718015419580531,812
122880,0.0002637295081967213,-0.23600655794143677,0.02077016793191433,1.4875409603118896,2.4872276138223244,0.837158203125,1.2038882541403659e-26,243.5059814453125,0.8886758403405134,814
124928,0.00026311475409836063,0.20673415064811707,0.010185236111283302,1.4038516283035278,2.4951438752323156,0.83818359375,1.5619833451295724e-24,237.07559204101562,0.8694195819506358,816
126976,0.0002625,0.05788828432559967,0.002986607141792774,1.3511788845062256,3.3380305340484484,0.846728515625,3.0051608978957876e-21,217.62396240234375,0.9826084074975318,818
129024,0.00026188524590163933,-0.10107431560754776,0.0037548586260527372,1.2862032651901245,1.839128123577393,0.83486328125,7.554612491134094e-10,433.8217468261719,0.9898094914090056,819
131072,0.0002612704918032787,-2.735452175140381,0.0015910356305539608,1.2191754579544067,1.6050192146212794,0.834326171875,3.162759767624812e-12,199.49024963378906,0.9932236942078302,821
133120,0.000260655737704918,-0.25571849942207336,0.0055657606571912766,1.133736491203308,1.7062561754559282,0.801171875,9.714181194607766e-29,88.87274169921875,0.9620184745770198,823
135168,0.0002600409836065573,-0.8790505528450012,0.01572207361459732,1.046675205230713,0.9551734960929025,0.806103515625,5.156640270342905e-08,133.45457458496094,0.869101142732487,824
137216,0.00025942622950819673,-0.2803518772125244,0.017454633489251137,0.9737941026687622,1.4075402357266285,0.7810546875,4.629794044938996e-23,295.5205383300781,0.906869424233538,826
139264,0.000258811475409836,-0.33408322930336,0.0027510100044310093,0.9507728219032288,2.206801069676294,0.834765625,1.86071629230904e-20,81.49757385253906,0.9807292939153406,828
141312,0.00025819672131147537,-0.3693406581878662,0.002571588382124901,0.9034647345542908,1.7965733380406164,0.800244140625,7.947503874623785e-13,202.01510620117188,0.9926771891881799,829
143360,0.0002575819672131147,-1.087597131729126,0.004075445234775543,0.8469734191894531,0.8790662786122994,0.768798828125,2.6938986152913458e-08,453.36187744140625,0.9804995872816867,830
145408,0.00025696721311475407,-0.10844679176807404,0.06493392586708069,0.8068064451217651,1.5776078442620929,0.835888671875,1.7921725214975481e-09,1444.4599609375,0.8664335236526315,832
147456,0.0002563524590163934,-0.8428497910499573,0.0146221574395895,0.7135682106018066,2.602717763322289,0.840771484375,8.409467591022883e-19,534.7760009765625,0.9453150387338932,833
149504,0.00025573770491803277,-0.5394114255905151,0.004712781868875027,0.6510207653045654,1.4190471991649247,0.81357421875,3.812793790002218e-14,114.30999755859375,0.983921463903239,834
151552,0.0002551229508196721,-0.6884608268737793,0.008503035642206669,0.6061415076255798,1.6981994506510092,0.822607421875,3.78780835093729e-14,184.959716796875,0.9416681616104814,835
153600,0.00025450819672131146,-0.48478803038597107,0.004646540153771639,0.5248825550079346,3.3310719609144144,0.879248046875,8.27913949668324e-30,134.5219268798828,0.9752662854220582,837
155648,0.0002538934426229508,-0.2838905453681946,0.010091437958180904,0.4496764838695526,1.6850232159849838,0.831689453125,1.3859738933643703e-18,93.55472564697266,0.9479272127393827,836
157696,0.0002532786885245901,-0.8980143070220947,0.00662129046395421,0.3923027217388153,1.1448194202384911,0.82265625,9.102974445340806e-07,328.37884521484375,0.9558530606965691,834
159744,0.00025266393442622946,-0.8975591063499451,0.0017431112937629223,0.31220853328704834,1.5929988214731565,0.825830078125,6.844603551471595e-14,305.4933776855469,0.9833609437971604,835
161792,0.0002520491803278688,-10.099759101867676,0.0029673464596271515,0.25585508346557617,1.5385482060359208,0.834619140625,1.3404542364980898e-08,382.2688293457031,0.9504747170313135,837
163840,0.00025143442622950816,-0.1856597661972046,0.007267657667398453,0.17202860116958618,2.9751156863610957,0.9025390625,6.852688989172906e-14,182.9525146484375,0.8403864763856342,837
165888,0.00025081967213114756,-0.07546640932559967,0.0028704165015369654,0.08955955505371094,2.47763703573728,0.868896484375,3.6825836025399476e-17,221.90975952148438,0.972821873673206,836
167936,0.0002502049180327869,0.011441133916378021,0.005091431550681591,0.027644872665405273,2.0133218322094764,0.864306640625,2.327444606400192e-14,131.95640563964844,0.9333924660920063,827
169984,0.0002495901639344262,-0.14895856380462646,0.017210179939866066,-0.03464388847351074,3.4304784767213277,0.894189453125,1.5039301710240652e-21,610.8853759765625,0.8599724533161465,822
172032,0.00024897540983606555,-0.1996099054813385,0.024533532559871674,-0.11790043115615845,1.827464417606825,0.832861328125,3.6143729339761094e-14,1178.3223876953125,0.8640434138256167,824
174080,0.0002483606557377049,-0.1268761157989502,0.004369591828435659,-0.17441600561141968,5.833563569383114,0.854052734375,5.264401621234202e-25,17972.283203125,0.9246905478620371,824
176128,0.00024774590163934425,-0.4905785918235779,0.010079694911837578,-0.21075642108917236,2.286982725755661,0.886962890625,9.09892321061226e-16,262.1269836425781,0.8763715166430657,825
178176,0.0002471311475409836,-0.7383869290351868,0.045277390629053116,-0.2696133852005005,3.1863982349139404,0.885302734375,2.2789200692050976e-19,929.7051391601562,0.7913951250509044,826
180224,0.00024651639344262295,-0.16886210441589355,0.038748566061258316,-0.3166787922382355,1.9567479736404494,0.839892578125,1.1014276462591047e-15,208.9309539794922,0.834778641455119,826
182272,0.0002459016393442623,-0.031118860468268394,0.01942286640405655,-0.3743867576122284,2.5071717404091034,0.876904296875,6.8898540843929934e-15,670.3238525390625,0.8292460424540287,822
184320,0.00024528688524590164,-2.0008368492126465,0.009868194349110126,-0.45325183868408203,2.7858081004960695,0.862353515625,8.395013996233671e-26,198.31419372558594,0.9297251677613091,822
186368,0.00024467213114754094,-0.5351465344429016,0.015962596982717514,-0.5040096640586853,3.1592475638288304,0.8771484375,2.5195834604400905e-18,705.8582153320312,0.9343753722902695,822
188416,0.00024405737704918031,-0.4817348122596741,0.009864834137260914,-0.5703725814819336,2.7694393496756673,0.878271484375,1.9308110291269e-22,1978.5552978515625,0.8931924561611142,822
190464,0.00024344262295081966,0.08473838120698929,0.026096921414136887,-0.6393213272094727,4.008481811877573,0.885205078125,6.754600953313661e-32,354.9802551269531,0.881495786806854,823
192512,0.000242827868852459,-1.8433486223220825,0.01888803020119667,-0.7126988172531128,3.9039607077022085,0.907373046875,3.0637677752061634e-20,1143.4908447265625,0.8567967991195503,823
194560,0.00024221311475409833,-0.2437787503004074,0.01057087816298008,-0.7641476988792419,2.678596262722567,0.896240234375,3.8761769266320786e-14,556.3262329101562,0.92507012892722,822
196608,0.00024159836065573768,-0.43151339888572693,0.059508707374334335,-0.8256554007530212,4.240334629669087,0.91220703125,6.830560918662102e-28,135.30078125,0.7982610278472755,814
198656,0.00024098360655737703,-0.19502297043800354,0.0048047457821667194,-0.8966301679611206,2.0948087808938,0.856591796875,2.0544273000234602e-23,175.84725952148438,0.9308985458828551,813
200704,0.00024036885245901638,-0.1777593195438385,0.00186425622086972,-0.9746450185775757,6.3249743125838,0.9212890625,5.624381827860414e-24,600.5679321289062,0.9647646164250459,811
202752,0.00023975409836065573,-0.10400087386369705,0.013797767460346222,-1.029699683189392,5.441678963901358,0.925244140625,2.3202461677046117e-18,147.5733184814453,0.6621332242152317,805
204800,0.00023913934426229505,-0.4617292284965515,0.02613307721912861,-1.0736230611801147,2.503609037640854,0.895849609375,3.598186944556164e-22,732.912841796875,0.6284370456477567,804
206848,0.0002385245901639344,-0.03307865560054779,0.04027668386697769,-1.0978983640670776,9.590539911470842,0.901416015625,2.2271476988053328e-27,28862.5703125,0.4547176593494995,803
208896,0.00023790983606557375,0.005875417962670326,0.0026759949978441,-1.1337469816207886,2.6239482651435537,0.9091796875,2.1104998492077248e-16,228.25921630859375,0.4215569541824119,802
210944,0.00023729508196721307,-0.36732012033462524,0.014448597095906734,-1.1529784202575684,3.863596058951225,0.927685546875,5.494899613280388e-28,460.6273498535156,0.49901727313348265,802
212992,0.00023668032786885242,-0.1005590558052063,0.0025781940203160048,-1.1867762804031372,12.20997842187644,0.949951171875,2.0419840378207995e-20,25753.33984375,0.6430045408582021,801
215040,0.00023606557377049177,-0.4004351496696472,0.029975224286317825,-1.2363190650939941,3.4242614729126215,0.88369140625,1.7461693074976607e-34,813.8131103515625,0.7152204420636048,800
217088,0.00023545081967213112,-0.1634610891342163,0.008911816403269768,-1.272555947303772,3.6807779241731624,0.9115234375,6.6152615998554305e-34,3319.925048828125,0.5369049868681725,799
219136,0.0002348360655737705,-0.9292778968811035,0.003560468088835478,-1.3027600049972534,5.7098443362250695,0.925732421875,0.0,337.4385681152344,0.47079879923619916,799
221184,0.00023422131147540984,-0.12353111803531647,0.003378441324457526,-1.3419467210769653,4.381975959823467,0.92001953125,3.992487203562872e-23,2763.6943359375,0.7468676865280919,798
223232,0.00023360655737704916,-0.3093873858451843,0.017915692180395126,-1.3936253786087036,2.6225557257188483,0.89697265625,2.4718162783023067e-37,600.03955078125,0.45098810744308127,798
225280,0.0002329918032786885,-0.6036854982376099,0.05174405872821808,-1.4404937028884888,3.328923254314577,0.922216796875,4.7490048091454676e-20,721.0018920898438,0.49158442046539796,797
227328,0.00023237704918032786,-0.3893360197544098,0.0020576242823153734,-1.4983925819396973,1.971354719257215,0.88544921875,1.822098028014807e-12,422.0639953613281,0.7172152792056294,797
229376,0.00023176229508196718,-0.13539554178714752,0.003962627612054348,-1.544066309928894,4.726326005187002,0.91611328125,2.400190927876562e-32,602.3196411132812,0.40327022205882734,796
231424,0.00023114754098360653,-0.09532694518566132,0.004834029823541641,-1.6100871562957764,3.2782717921072617,0.90244140625,7.477840469837144e-22,105.0732650756836,0.6372431316172611,796
233472,0.00023053278688524588,0.006007899530231953,0.012158455327153206,-1.6632444858551025,3.8631600650551263,0.924658203125,6.873010105490722e-20,737.119384765625,0.590849864764064,796
235520,0.00022991803278688523,-0.09314998984336853,0.004091080743819475,-1.7037112712860107,6.671856420318363,0.941455078125,2.3519635453674796e-24,12000.3671875,0.40422812964709853,797
237568,0.00022930327868852458,-0.07250756770372391,0.006400606594979763,-1.7533446550369263,4.336385197445634,0.9091796875,3.409948040797529e-28,1816.21240234375,0.42612796921020757,797
239616,0.00022868852459016393,-0.3216506540775299,0.025687741115689278,-1.8150111436843872,3.190032602340216,0.91484375,7.581662043517072e-18,259.2165832519531,0.5036898055593968,798
241664,0.00022807377049180325,-1.2970571517944336,0.0027013018261641264,-1.8593796491622925,3.3008251124672823,0.91435546875,2.6729255517174526e-22,142.3870391845703,0.4462501493179454,798
243712,0.0002274590163934426,-0.382648229598999,0.017403870820999146,-1.911388635635376,5.150092197593767,0.915185546875,1.6562862438531296e-37,164.76988220214844,0.460538988022717,799
245760,0.00022684426229508195,-0.09809175878763199,0.01017436757683754,-1.9346569776535034,7.5630978680681435,0.915576171875,0.0,227.82708740234375,0.8654359602473563,799
247808,0.00022622950819672127,-0.11761283129453659,0.003051919164136052,-1.9789589643478394,2.8860813888604753,0.9076171875,5.322092695562438e-24,360.46087646484375,0.7552638224140115,800
249856,0.00022561475409836062,-1.1372379064559937,0.019181810319423676,-2.0124740600585938,4.576073408464436,0.897900390625,0.0,339.86431884765625,0.8377094578312978,800
251904,0.000225,-0.04878402501344681,0.010299758985638618,-2.0303351879119873,7.084045691762003,0.917431640625,0.0,4486.25439453125,0.860925219715462,801
253952,0.00022438524590163934,-0.3453481197357178,0.02625112235546112,-2.0831117630004883,6.236685222040978,0.9236328125,7.326178616182069e-32,3792.236328125,0.7802799493266417,801
256000,0.0002237704918032787,-0.35791611671447754,0.0037691856268793344,-2.1231515407562256,4.440350337763084,0.90830078125,1.1944152826712655e-25,3650.653564453125,0.5992140350385566,802
258048,0.00022315573770491804,-0.22020882368087769,0.059266746044158936,-2.1461334228515625,4.603649358701659,0.91572265625,0.0,2446.5146484375,0.5677724760772149,802
260096,0.00022254098360655736,-0.3394903540611267,0.002573109697550535,-2.1952970027923584,3.7821334821172057,0.907275390625,1.5835191484641208e-27,282.5751953125,0.6299366313748942,802
262144,0.0002219262295081967,-0.8813667297363281,0.031050335615873337,-2.232898473739624,2.4943685298465423,0.88798828125,5.114433428984876e-19,1103.4300537109375,0.7322503948329181,803
264192,0.00022131147540983603,-0.22404712438583374,0.027321334928274155,-2.23917555809021,17.464756287136698,0.9400390625,0.0,1922.3782958984375,0.8353014140890436,803
266240,0.00022069672131147538,-0.35579174757003784,0.02262880839407444,-2.282299041748047,3.183198588108644,0.882275390625,4.125710794980408e-26,725.7256469726562,0.8389921842473456,803
268288,0.00022008196721311473,-0.0365864560008049,0.030743051320314407,-2.3383829593658447,3.145878039082163,0.890478515625,3.509648162671161e-23,211.2534942626953,0.8783816488357306,804
270336,0.00021946721311475408,-0.08775559067726135,0.012153337709605694,-2.372480630874634,7.964323055272689,0.91025390625,0.0,196.9157257080078,0.8531886651489249,804
272384,0.00021885245901639343,-0.7998852133750916,0.056421175599098206,-2.4205572605133057,10.95414123586961,0.913330078125,0.0,4302.259765625,0.6872016512917927,805
274432,0.00021823770491803278,-0.018670380115509033,0.03351663053035736,-2.4436724185943604,10.539550770318602,0.9337890625,0.0,586.5086669921875,0.7382333595465292,805
276480,0.0002176229508196721,-0.08875337243080139,0.037647590041160583,-2.4850406646728516,7.8102028326975415,0.92509765625,2.4606801033543788e-42,346.8816833496094,0.8008771679889259,806
278528,0.00021700819672131145,-0.0829617828130722,0.019067365676164627,-2.5135886669158936,15.613488424642128,0.93837890625,0.0,233.11766052246094,0.7893644814910913,806
280576,0.0002163934426229508,0.027213580906391144,0.03541776165366173,-2.530179738998413,9.162401173316175,0.933740234375,0.0,1221.2576904296875,0.8036241529740535,807
282624,0.00021577868852459012,-0.2348150908946991,0.010681161656975746,-2.554147958755493,4.032233200545306,0.91513671875,6.037789435258504e-31,332.37786865234375,0.8828014019851892,807
284672,0.00021516393442622947,-1.5760254859924316,0.02840658277273178,-2.5853941440582275,16.790154831355903,0.94365234375,0.0,21805.75390625,0.7982482655498971,807
286720,0.00021454918032786884,1.9697319269180298,0.04627281054854393,-2.6165974140167236,13.085482975636841,0.92958984375,0.0,1011.4968872070312,0.6808313860331641,808
288768,0.0002139344262295082,-0.1710372269153595,0.023699840530753136,-2.642740249633789,6.043653696036199,0.9275390625,1.6836743426235597e-27,318.49188232421875,0.8571957255142654,808
290816,0.00021331967213114754,-0.49874529242515564,0.03900962695479393,-2.6644411087036133,5.774634545564186,0.91083984375,3.5017565805444654e-39,5092.734375,0.8303620351410432,808
292864,0.0002127049180327869,-0.011956759728491306,0.03752932325005531,-2.69925594329834,9.703690189225018,0.912451171875,0.0,428.01300048828125,0.786801689937997,809
294912,0.0002120901639344262,-0.07719996571540833,0.06106351688504219,-2.732398748397827,18.87929724850692,0.94482421875,0.0,296.0728759765625,0.6627336605313452,809
296960,0.00021147540983606556,-0.19276927411556244,0.05766037106513977,-2.759836435317993,4.666062679834431,0.924658203125,1.14906474074635e-43,627.9700317382812,0.7106925134938823,809
299008,0.00021086065573770488,-0.16537655889987946,0.02968013659119606,-2.800151824951172,10.33251645534765,0.918505859375,0.0,3514.759033203125,0.7998642600984792,810
301056,0.00021024590163934423,-0.03921191394329071,0.026892071589827538,-2.8143789768218994,7.359356505889446,0.935986328125,0.0,7702.95947265625,0.7642444679966212,810
303104,0.00020963114754098358,-0.029360104352235794,0.005015166942030191,-2.8204915523529053,20.931855034135516,0.9466796875,0.0,345.1726379394531,0.8420527832205126,811
305152,0.00020901639344262293,0.017241433262825012,0.052680812776088715,-2.821976661682129,29.529499171875067,0.95244140625,0.0,174.93740844726562,0.8742566260513015,811
307200,0.00020840163934426228,-0.04008959233760834,0.018578000366687775,-2.8480982780456543,16.38466651783092,0.93193359375,0.0,174.70057678222656,0.8510118932796671,812
309248,0.00020778688524590163,-0.05573677271604538,0.05450143292546272,-2.88067626953125,13.246537148731296,0.938427734375,0.0,151.09893798828125,0.6668731258460853,812
311296,0.00020717213114754098,-0.05825115367770195,0.03951885178685188,-2.8882734775543213,20.81725376744289,0.95380859375,0.0,13810.65234375,0.8621523066695291,812
313344,0.0002065573770491803,-0.01679651439189911,0.004855910781770945,-2.9139463901519775,15.148068596003577,0.947021484375,0.0,180.83596801757812,0.8901364372297889,813
315392,0.00020594262295081965,-0.10560572892427444,0.01836005412042141,-2.9329915046691895,36.32112694981042,0.950927734375,0.0,76.38605499267578,0.8201044117366656,813
317440,0.00020532786885245897,-0.33905506134033203,0.010801698081195354,-2.954216957092285,7.0410602382733485,0.9296875,0.0,2395.840576171875,0.83101598962353,813
319488,0.00020471311475409832,0.03747893124818802,0.011094448156654835,-2.9731359481811523,65.09041722997208,0.964599609375,0.0,209.2934112548828,0.795477267688028,814
321536,0.0002040983606557377,-0.17548023164272308,0.08074693381786346,-2.9919023513793945,8.731367561896331,0.94248046875,0.0,4385.625,0.5898923683759218,814
323584,0.00020348360655737704,-0.12408987432718277,0.00936818029731512,-3.0303194522857666,4.266838527080836,0.907275390625,1.7745007417333933e-33,1292.9927978515625,0.5614149439073621,814
325632,0.0002028688524590164,-0.03171955794095993,0.002545904368162155,-3.0589957237243652,10.119450369657716,0.928564453125,0.0,168.13156127929688,0.70237478639673,815
327680,0.00020225409836065574,0.003776635741814971,0.048367876559495926,-3.0932459831237793,10.114785296440823,0.9421875,0.0,743.98828125,0.35864807946239163,815
329728,0.0002016393442622951,-7.403891086578369,0.004049878567457199,-3.0977365970611572,10.976399317674804,0.940478515625,0.0,686.402099609375,0.3140048632011989,815
331776,0.0002010245901639344,-1.0747004747390747,0.011658413335680962,-3.103332757949829,17.354677032172912,0.952001953125,0.0,1759.734130859375,0.7805560816046345,816
333824,0.00020040983606557376,-0.028794750571250916,0.003367818659171462,-3.12971830368042,3.9732441793079487,0.899853515625,0.0,295.723388671875,0.8439482818449622,816
335872,0.00019979508196721308,-0.035359937697649,0.001490361406467855,-3.148804187774658,14.186086923477706,0.94560546875,0.0,343.22021484375,0.8667967594496575,816
337920,0.00019918032786885243,-0.08450373262166977,0.022490518167614937,-3.179668426513672,12.563238383104908,0.944970703125,0.0,268.3665771484375,0.7761669643685142,812
339968,0.00019856557377049178,-0.15545126795768738,0.015454516746103764,-3.202707052230835,7.558337963186204,0.944482421875,0.0,241.89768981933594,0.8212489798854833,812
342016,0.00019795081967213113,-0.03932914882898331,0.00932452455163002,-3.2173914909362793,28.9586348553712,0.954931640625,0.0,394.572998046875,0.8967258601991384,813
344064,0.00019733606557377048,-0.28193411231040955,0.021272404119372368,-3.2459065914154053,4.0341876203252465,0.922998046875,1.7116664559942635e-39,966.8795776367188,0.7884055574835417,813
346112,0.00019672131147540983,-0.09274908155202866,0.011992902494966984,-3.252573013305664,10.121933548164089,0.94404296875,0.0,545.1763305664062,0.7296099674045188,813
348160,0.00019610655737704915,-0.05467970669269562,0.014183409512043,-3.265167474746704,12.120985944266431,0.9337890625,0.0,2175.65771484375,0.7823611127077281,814
350208,0.0001954918032786885,-0.09142357110977173,0.014414883218705654,-3.283660888671875,24.582986613962568,0.9623046875,0.0,1387.4520263671875,0.7304732177691228,814
352256,0.00019487704918032787,-0.08009511977434158,0.03566742688417435,-3.3095338344573975,10.21279904160183,0.927978515625,0.0,273.72918701171875,0.7720617281086024,814
354304,0.00019426229508196717,-0.025436926633119583,0.013081754557788372,-3.3299612998962402,6.990051766409306,0.9365234375,0.0,1639.46826171875,0.7876267254038383,814
356352,0.00019364754098360654,-0.01792765036225319,0.028716672211885452,-3.3652594089508057,10.56596863856539,0.949609375,0.0,283.07177734375,0.8894061396712266,813
358400,0.0001930327868852459,0.004964268300682306,0.013272865675389767,-3.369161605834961,46.28936609068769,0.956689453125,0.0,166.34194946289062,0.9054057299365101,813
360448,0.00019241803278688524,-0.21834462881088257,0.028884682804346085,-3.392721176147461,6.295694865335827,0.922900390625,0.0,293.958984375,0.8622153116857683,811
362496,0.0001918032786885246,-0.4970475733280182,0.01844865083694458,-3.3999555110931396,14.120473550149473,0.94091796875,0.0,686.58740234375,0.8728402148866428,809
364544,0.00019118852459016394,-0.02955477684736252,0.02148154377937317,-3.4338231086730957,20.873491211957298,0.95234375,0.0,2037.443359375,0.8763544675545738,808
366592,0.00019057377049180326,-0.08974893391132355,0.015216674655675888,-3.449197769165039,34.37360985385603,0.9630859375,0.0,335.0157470703125,0.9122091767972019,808
368640,0.0001899590163934426,-53.29573440551758,0.01561767142266035,-3.474055767059326,7.075823739590123,0.91630859375,0.0,10942.517578125,0.7897179878704821,808
370688,0.00018934426229508193,-0.051709044724702835,0.056464023888111115,-3.4855916500091553,9.12834172800358,0.952880859375,0.0,237.89398193359375,0.19609636804692843,808
372736,0.00018872950819672128,-0.047708168625831604,0.01011396013200283,-3.512657642364502,5.884947238868335,0.91513671875,0.0,320.079833984375,0.8837436635894462,809
374784,0.00018811475409836063,-0.07683189958333969,0.01820848509669304,-3.521077871322632,22.16252512554056,0.95576171875,0.0,214.17340087890625,0.8214362008350837,809
376832,0.00018749999999999998,-0.040171653032302856,0.015582716092467308,-3.5631790161132812,15.193746926719905,0.94765625,0.0,499.92901611328125,0.8711198773493352,809
378880,0.00018688524590163933,0.008143294602632523,0.02192806452512741,-3.5752415657043457,55.341669990954685,0.969287109375,0.0,4936.97021484375,0.8466255191654781,809
380928,0.00018627049180327867,0.02246873453259468,0.028539570048451424,-3.566232442855835,51.415598202715046,0.957568359375,0.0,636.2300415039062,0.8306027585418587,810
382976,0.00018565573770491805,-0.32861006259918213,0.017847491428256035,-3.5763344764709473,10.404095837613568,0.9396484375,0.0,215.35313415527344,0.7172071916423626,810
385024,0.00018504098360655735,-0.09415090829133987,0.01799624040722847,-3.5805399417877197,47.16045906727086,0.959423828125,0.0,259.2806091308594,0.8313382048935108,810
387072,0.00018442622950819672,-0.6989395618438721,0.019678549841046333,-3.6099324226379395,5.748843348544324,0.92529296875,0.0,264.84112548828125,0.9214377663546541,811
389120,0.00018381147540983602,-0.7582969069480896,0.018726028501987457,-3.645131826400757,5.173566163569921,0.91669921875,0.0,545.3773193359375,0.8867710763606715,811
391168,0.0001831967213114754,-0.0751146748661995,0.01734931953251362,-3.6668548583984375,24.585463146318215,0.949609375,0.0,1071.2255859375,0.9192118103965059,811
393216,0.00018258196721311474,-0.1361604779958725,0.011329395696520805,-3.6706087589263916,14.928504997713025,0.9611328125,0.0,274.4210510253906,0.7395591846552814,812
395264,0.0001819672131147541,-0.8527376651763916,0.012382382526993752,-3.690176486968994,16.50680505182827,0.95595703125,0.0,317.262451171875,0.6120555314971501,812
397312,0.00018135245901639344,-0.07099545001983643,0.02752513624727726,-3.710136890411377,11.641085842333268,0.947705078125,0.0,14499.4677734375,0.672850901597416,813
399360,0.0001807377049180328,-0.18960660696029663,0.005497159902006388,-3.734476327896118,6.989324502274394,0.9482421875,3.1985760908429156e-35,620.4527587890625,0.8233536161250552,813
401408,0.0001801229508196721,-0.0005236340221017599,0.008474105037748814,-3.7530667781829834,11.697871396795382,0.945458984375,0.0,467.3787841796875,0.7533406139413247,813
403456,0.00017950819672131146,-0.10576752573251724,0.014603199437260628,-3.7944302558898926,5.274935474176891,0.914453125,0.0,247.96522521972656,0.649107470697348,814
405504,0.0001788934426229508,-0.15015706419944763,0.04103700444102287,-3.8263778686523438,7.05626454410085,0.92333984375,1.6114932339735396e-43,19893.90234375,0.7224858398681321,814
407552,0.00017827868852459013,0.03276538476347923,0.004512646701186895,-3.8363614082336426,45.05452741353365,0.964404296875,0.0,345.6117248535156,0.8116798740979692,815
409600,0.00017766393442622948,-0.034679099917411804,0.02030124142765999,-3.8583714962005615,15.638674375822301,0.956982421875,0.0,122.1688003540039,0.8005904947804326,815
411648,0.00017704918032786883,-0.047782961279153824,0.017414787784218788,-3.8712124824523926,48.61303229506884,0.95517578125,0.0,654.2166137695312,0.9064211040374519,815
413696,0.00017643442622950818,-0.13914498686790466,0.020790278911590576,-3.878153085708618,8.127562041283818,0.91865234375,0.0,7064.38720703125,0.5945932376704363,815
415744,0.00017581967213114755,0.0005954263033345342,0.016685595735907555,-3.8859312534332275,74.10547348259425,0.969580078125,0.0,475.8918762207031,0.8434674987815022,814
417792,0.0001752049180327869,-0.5355228185653687,0.019785983487963676,-3.9200878143310547,4.7169928770657865,0.908349609375,0.0,489.44476318359375,0.7933301783102181,814
419840,0.0001745901639344262,-0.17545324563980103,0.04236878827214241,-3.951572895050049,5.814584037582972,0.91171875,0.0,287.73138427734375,0.8162602210973607,813
421888,0.00017397540983606557,-0.26663994789123535,0.028307419270277023,-3.977417230606079,7.451188728594571,0.92060546875,0.0,585.9015502929688,0.8717317397102884,813
423936,0.00017336065573770487,-0.27138981223106384,0.030394284054636955,-4.00727653503418,4.858898336411221,0.926611328125,2.2367875887522666e-33,1521.279052734375,0.8772548098292084,813
425984,0.00017274590163934424,-0.9515935182571411,0.0212436281144619,-4.025406360626221,5.375401140120812,0.921484375,7.501150679530746e-42,2527.403076171875,0.8987494295795108,812
428032,0.0001721311475409836,0.0004023463698104024,0.04407360777258873,-4.04638671875,27.250147090526298,0.964501953125,0.0,695.0358276367188,0.848825609656094,812
430080,0.00017151639344262294,0.02258273959159851,0.03285258263349533,-4.061797618865967,11.947434684901964,0.942333984375,0.0,2110.682373046875,0.8611788454714426,811
432128,0.0001709016393442623,-0.24186763167381287,0.02309464104473591,-4.076832294464111,8.878526883403538,0.94931640625,0.0,203.64234924316406,0.9115002671346221,811
434176,0.00017028688524590164,-0.27697739005088806,0.021310951560735703,-4.125603199005127,17.844830255198758,0.949462890625,0.0,74.57218170166016,0.9216961315128068,811
436224,0.00016967213114754099,-0.0881047323346138,0.016875777393579483,-4.141384601593018,14.06902015688829,0.953125,0.0,5535.021484375,0.932398201348578,810
438272,0.0001690573770491803,-0.1660960167646408,0.012698591686785221,-4.153275012969971,11.052234743180453,0.938427734375,0.0,581.9371948242188,0.9589851802400718,810
440320,0.00016844262295081966,-0.19454112648963928,0.01506954338401556,-4.174292087554932,13.853646993031726,0.95107421875,0.0,1311.2950439453125,0.9649792554905532,809
442368,0.00016782786885245898,-0.007306615822017193,0.012530557811260223,-4.183774471282959,78.03100255019963,0.97548828125,0.0,175.60818481445312,0.954987385640186,809
444416,0.00016721311475409833,-0.06701488047838211,0.00887531042098999,-4.201835632324219,15.389182244765106,0.952734375,0.0,2339.031005859375,0.9426342908652032,808
446464,0.00016659836065573768,-0.21242205798625946,0.012903902679681778,-4.211793422698975,43.53610863599461,0.96630859375,0.0,334.8363952636719,0.9390924783821482,808
448512,0.00016598360655737702,-1.042527675628662,0.013149582780897617,-4.219613552093506,22.222979243611917,0.95,0.0,3125.6083984375,0.9435678264971038,807
450560,0.0001653688524590164,-0.019616814330220222,0.022588321939110756,-4.216601848602295,39.626015115639895,0.9671875,0.0,79.24613189697266,0.922964014529989,807
452608,0.00016475409836065575,0.052686531096696854,0.03880506381392479,-4.227230072021484,25.833439878668287,0.95205078125,0.0,247.90444946289062,0.9041777655657187,807
454656,0.0001641393442622951,-0.030749041587114334,0.009010513313114643,-4.252817153930664,26.834695007093252,0.960693359375,0.0,238.65078735351562,0.9556305739716209,807
456704,0.00016352459016393442,-0.023569006472826004,0.006231348030269146,-4.256779193878174,63.78523219343042,0.9724609375,0.0,3936.110595703125,0.9543010788439361,807
458752,0.00016290983606557377,0.06784439086914062,0.008585900068283081,-4.275093078613281,9.424325132527155,0.947265625,0.0,1456.9312744140625,0.9553309717597521,807
460800,0.0001622950819672131,-0.13677889108657837,0.0043586427345871925,-4.277022838592529,11.313581819419051,0.950341796875,0.0,171.23147583007812,0.9600011849904797,807
462848,0.00016168032786885244,-0.0899989977478981,0.005045829340815544,-4.286773204803467,13.313379703162354,0.954541015625,0.0,453.8810119628906,0.9669501431026419,807
464896,0.0001610655737704918,-0.37259894609451294,0.005816110875457525,-4.307851314544678,23.668570766667834,0.9515625,0.0,177.46482849121094,0.9587687642755676,807
466944,0.00016045081967213114,-0.19089005887508392,0.0035570410545915365,-4.31759786605835,20.461564806732348,0.946044921875,0.0,442.4036560058594,0.9688946661501908,808
468992,0.00015983606557377049,0.02129673957824707,0.008469782769680023,-4.340126037597656,15.173313252427032,0.946875,0.0,395.9915466308594,0.9411952795910884,808
471040,0.00015922131147540984,-0.2426176220178604,0.001814957126043737,-4.355422496795654,43.44043512995122,0.968115234375,0.0,194.8375701904297,0.976199868384316,808
473088,0.00015860655737704916,-0.06394506990909576,0.02544970065355301,-4.372669696807861,22.274372021877205,0.96337890625,0.0,167.87953186035156,0.922942005606272,808
475136,0.0001579918032786885,0.16236339509487152,0.007422983180731535,-4.384885311126709,21.202415102077065,0.967578125,0.0,912.4854125976562,0.9475951812436159,808
477184,0.00015737704918032785,-0.07420694828033447,0.005658827722072601,-4.3948588371276855,16.442546398029663,0.944140625,0.0,155.73143005371094,0.9543398878794066,809
479232,0.00015676229508196718,-0.12059573084115982,0.031238511204719543,-4.421176910400391,10.076904440927319,0.9330078125,0.0,262.8006896972656,0.8679297087064693,809
481280,0.00015614754098360653,0.004807457327842712,0.042005106806755066,-4.440750598907471,14.417352785880212,0.94521484375,0.0,1731.93994140625,0.724653917437726,809
483328,0.00015553278688524587,-0.27607282996177673,0.03516339510679245,-4.449057102203369,9.430032501075766,0.93896484375,0.0,313.6789855957031,0.7502908312648466,809
485376,0.00015491803278688525,-0.02970510721206665,0.07254675030708313,-4.458084583282471,28.62389437040547,0.96923828125,0.0,317.9406433105469,0.6866565828782334,809
487424,0.0001543032786885246,-0.008104098960757256,0.029298940673470497,-4.464122772216797,50.779596214694905,0.974853515625,0.0,315.2900085449219,0.7945079263873405,810
489472,0.00015368852459016395,-0.5585051774978638,0.012841356918215752,-4.480823993682861,20.59257258992875,0.959423828125,0.0,796.7933959960938,0.8725933724062774,810
491520,0.00015307377049180327,-0.7049610614776611,0.014096253551542759,-4.494808197021484,22.944087877040147,0.950439453125,0.0,329.79931640625,0.9347821970068779,810
493568,0.00015245901639344262,-0.12127742171287537,0.016278255730867386,-4.502912998199463,12.246262503881008,0.96083984375,0.0,833.4379272460938,0.9193510336470618,810
495616,0.00015184426229508194,-0.14306393265724182,0.008419029414653778,-4.532477855682373,11.001482378185027,0.9529296875,0.0,1347.81201171875,0.9351487249198862,811
497664,0.0001512295081967213,-0.004274524748325348,0.01272973045706749,-4.538424015045166,49.242557916324586,0.96259765625,0.0,425.6683044433594,0.8812929906155513,811
499712,0.00015061475409836064,-0.11740979552268982,0.013279961422085762,-4.54664945602417,14.308158421763801,0.95087890625,0.0,1390.452880859375,0.8783665910354465,811
501760,0.00015,0.012697638012468815,0.030110595747828484,-4.552440166473389,16.230405671696644,0.957421875,0.0,226.39683532714844,0.8037126759021544,811
503808,0.00014938524590163934,0.030917096883058548,0.01692352443933487,-4.559037685394287,24.394094287100597,0.96201171875,0.0,239.7759246826172,0.8390931681272211,811
505856,0.00014877049180327868,-0.03416058048605919,0.025261159986257553,-4.579601287841797,23.226491805631667,0.96064453125,0.0,765.726318359375,0.8626716520726156,812
507904,0.000148155737704918,-0.08524135500192642,0.017509210854768753,-4.578976154327393,30.45376667979872,0.96552734375,0.0,252.5015411376953,0.8994844292665938,812
509952,0.00014754098360655736,-0.012945307418704033,0.015895813703536987,-4.59238862991333,8.638606221880764,0.93779296875,0.0,390.9914245605469,0.9060702213093003,812
512000,0.0001469262295081967,-0.27817535400390625,0.018781017512083054,-4.609689712524414,6.669627601187676,0.929296875,0.0,1661.459228515625,0.8784798271499816,812
514048,0.00014631147540983605,-0.08055570721626282,0.01275278814136982,-4.63374137878418,31.840623017866164,0.95966796875,0.0,363.21820068359375,0.8895637004798393,812
516096,0.00014569672131147537,-0.42234328389167786,0.06799829751253128,-4.657896518707275,6.345000142487697,0.931982421875,0.0,518.7776489257812,0.4391126026919753,813
518144,0.00014508196721311472,-0.5113763213157654,0.04568329453468323,-4.688697338104248,14.095238732756115,0.94306640625,0.0,230.26272583007812,0.528730657572309,813
520192,0.0001444672131147541,-0.10859806835651398,0.02474266104400158,-4.703025817871094,20.127107065331074,0.9392578125,0.0,606.848388671875,0.6478984537072545,813
522240,0.00014385245901639345,-0.29034265875816345,0.04585456848144531,-4.7122883796691895,32.97053660418605,0.9583984375,0.0,1020.1771240234375,0.6646600579225629,813
524288,0.00014323770491803277,-0.06029234826564789,0.036252789199352264,-4.7280659675598145,17.589567202841863,0.959912109375,0.0,75.40245056152344,0.7179609032953705,813
526336,0.00014262295081967212,-0.1580318659543991,0.02981303259730339,-4.749905109405518,26.363813070725882,0.9666015625,0.0,103.03874969482422,0.7782507881103133,813
528384,0.00014200819672131147,0.21165397763252258,0.03036314994096756,-4.752622604370117,33.790618013677886,0.944970703125,0.0,1103.013916015625,0.8379530718681936,814
530432,0.00014139344262295082,-0.18977823853492737,0.02158026583492756,-4.75703763961792,23.93576494543522,0.951513671875,0.0,198.5967559814453,0.7648906027700658,814
532480,0.00014077868852459017,-0.06798162311315536,0.035345010459423065,-4.776857376098633,8.797105857767747,0.93740234375,0.0,777.1322631835938,0.7548595251260255,814
534528,0.0001401639344262295,-0.037226542830467224,0.053954772651195526,-4.774934768676758,60.68038811481383,0.9654296875,0.0,335.9698181152344,0.7786074534022484,814
536576,0.00013954918032786884,-0.3800448775291443,0.01703842729330063,-4.781169414520264,16.657481906417523,0.9462890625,0.0,293.2679138183594,0.8520424965015203,814
538624,0.00013893442622950819,-0.812848687171936,0.009766809642314911,-4.80088996887207,13.917999438411789,0.947607421875,0.0,1092.783935546875,0.913336819473639,814
540672,0.00013831967213114753,-0.2188306301832199,0.01979946903884411,-4.83245849609375,11.543779058143263,0.951318359375,0.0,236.19456481933594,0.9002441524918191,815
542720,0.00013770491803278686,0.02004333771765232,0.016747435554862022,-4.834186553955078,17.343402154627256,0.96689453125,0.0,500.1858215332031,0.8964782214729567,815
544768,0.0001370901639344262,-0.11807283014059067,0.007636976428329945,-4.845401763916016,11.174556722614216,0.94677734375,0.0,301.29327392578125,0.9098325586322421,815
546816,0.00013647540983606555,-2.983725070953369,0.00780370831489563,-4.8708977699279785,14.703960741334594,0.954345703125,0.0,640.8792114257812,0.9322148260031163,815
548864,0.0001358606557377049,-0.040110569447278976,0.030478497967123985,-4.888065814971924,10.689821108215256,0.952880859375,0.0,340.40118408203125,0.8904861038305751,815
550912,0.00013524590163934422,0.06809024512767792,0.01783878169953823,-4.889618396759033,50.12066408923128,0.96455078125,0.0,20665.91796875,0.8865469412819977,815
552960,0.00013463114754098357,-0.08422492444515228,0.0154190044850111,-4.898447036743164,35.11557919443585,0.969384765625,0.0,295.7249450683594,0.8636433428413021,815
555008,0.00013401639344262295,-0.18977385759353638,0.042765527963638306,-4.902458190917969,36.22909137167735,0.974755859375,0.0,2453.613037109375,0.8262975926422989,815
557056,0.0001334016393442623,0.0007651823107153177,0.014299541711807251,-4.907275676727295,59.34355354492436,0.9736328125,0.0,399.946044921875,0.9103099840335132,815
559104,0.00013278688524590165,-0.17046776413917542,0.02791060321033001,-4.9299092292785645,9.938428127131193,0.947900390625,0.0,831.1226196289062,0.7905034506191829,816
561152,0.00013217213114754097,0.0006644017994403839,0.03495258092880249,-4.942914962768555,10.970221864583436,0.946875,0.0,6475.90478515625,0.7935824582059596,816
563200,0.00013155737704918032,1.593818888068199e-05,0.019121434539556503,-4.966254711151123,25.145574989984745,0.954638671875,0.0,596.6517333984375,0.842148583740843,816
565248,0.00013094262295081967,-0.040079616010189056,0.03846397623419762,-4.989507675170898,5.124537120311288,0.925048828125,9.596164119660915e-31,228.83616638183594,0.8504376912448176,816
567296,0.00013032786885245902,-2.2165324687957764,0.0559159554541111,-5.009860515594482,11.49378471468226,0.94150390625,0.0,334.0146484375,0.5629667533724687,816
569344,0.00012971311475409834,-0.4021446406841278,0.015697652474045753,-5.031755447387695,16.957022808940383,0.94736328125,0.0,2868.618896484375,0.6761375144402578,816
571392,0.00012909836065573769,-0.0373908095061779,0.059117890894412994,-5.0447773933410645,14.362229639443104,0.95927734375,0.0,871.5429077148438,0.743688160976598,816
573440,0.00012848360655737703,-0.03302450478076935,0.03389217332005501,-5.0623016357421875,9.8152816622518,0.946533203125,5.605193857299268e-45,320.4153137207031,0.7503712036003718,816
575488,0.00012786885245901638,-0.02775314636528492,0.04746786877512932,-5.07269287109375,33.69019486913457,0.967626953125,0.0,302.8185729980469,0.683102651726821,815
577536,0.00012725409836065573,-0.06730915606021881,0.020009590312838554,-5.087072849273682,28.33211806678737,0.94560546875,0.0,1867.5443115234375,0.8398158415673107,815
579584,0.00012663934426229505,-0.08804507553577423,0.031742870807647705,-5.105250835418701,10.79721151883714,0.94453125,0.0,187.34629821777344,0.6794138445140112,815
581632,0.0001260245901639344,-0.08718907833099365,0.035883210599422455,-5.124496936798096,8.458580146549503,0.938232421875,0.0,737.045166015625,0.77580275304012,814
583680,0.00012540983606557378,-0.08398550003767014,0.02320064976811409,-5.145002841949463,13.741575043706689,0.955615234375,0.0,248.8779296875,0.7500989733475149,814
585728,0.00012479508196721313,-0.9428321123123169,0.01409436296671629,-5.155975818634033,17.664848700142464,0.943212890625,0.0,993.4456176757812,0.6465537926010809,815
587776,0.00012418032786885242,-0.10146190971136093,0.009273701347410679,-5.17915678024292,14.343196405610069,0.94619140625,0.0,781.3037719726562,0.7257969751905311,815
589824,0.0001235655737704918,-0.03023139014840126,0.03357718139886856,-5.194035053253174,24.815493672891172,0.95419921875,0.0,365.7227478027344,0.6645498480248896,815
591872,0.00012295081967213115,-0.29778093099594116,0.02569146826863289,-5.219732761383057,4.948992359801196,0.925048828125,2.926173604027351e-31,122.8287353515625,0.8096889157382038,815
593920,0.0001223360655737705,0.015389570035040379,0.03155932575464249,-5.224956035614014,10.708667188155232,0.9552734375,0.0,631.9212646484375,0.8007842030184433,815
595968,0.0001217213114754098,-0.11817452311515808,0.028033651411533356,-5.231426239013672,4.4344547264598075,0.917236328125,7.79944175190434e-34,384.1238098144531,0.6993403738233728,816
598016,0.00012110655737704917,-0.009516161866486073,0.012408457696437836,-5.260939121246338,8.436044612480327,0.933349609375,0.0,688.1527709960938,0.8735535791752782,816
600064,0.00012049180327868852,0.018973033875226974,0.030937645584344864,-5.265706539154053,22.998491941590327,0.966162109375,0.0,1276.6639404296875,0.8553415574995997,816
602112,0.00011987704918032786,-0.3542000651359558,0.02340218797326088,-5.277917861938477,10.348713525582571,0.95087890625,0.0,201.55911254882812,0.8825174479914099,816
604160,0.00011926229508196721,-0.1799461841583252,0.013809743337333202,-5.292295455932617,11.448943013206009,0.957958984375,0.0,983.0174560546875,0.8592362750576849,817
606208,0.00011864754098360654,-0.04537447541952133,0.021117910742759705,-5.299285888671875,16.63471003212617,0.9580078125,0.0,326.12945556640625,0.9208336194369201,817
608256,0.00011803278688524588,-0.04964892566204071,0.014732785522937775,-5.30018949508667,17.90441337437369,0.950048828125,0.0,2638.5732421875,0.9180739508030743,817
610304,0.00011741803278688525,-0.028853880241513252,0.010395325720310211,-5.301675796508789,19.13017459909897,0.960302734375,0.0,3185.37451171875,0.914439543918016,817
612352,0.0001168032786885246,-0.12193652987480164,0.020043734461069107,-5.307180881500244,19.763463798558224,0.953759765625,0.0,5654.81982421875,0.9409956658523965,817
614400,0.00011618852459016392,-0.42560747265815735,0.011371757835149765,-5.325767993927002,8.430401715644985,0.938525390625,0.0,862.7435913085938,0.9300464041080148,817
616448,0.00011557377049180327,-0.1517566591501236,0.015108511783182621,-5.323379039764404,10.668963373074074,0.956689453125,0.0,1750.5982666015625,0.8673684384013485,817
618496,0.00011495901639344261,0.00956525094807148,0.018607961013913155,-5.322582721710205,27.01417518303497,0.96875,0.0,337.2416687011719,0.8497436663910815,818
620544,0.00011434426229508196,-0.06840069591999054,0.022499538958072662,-5.330770492553711,7.038261184480507,0.942724609375,7.006492321624085e-45,1034.7523193359375,0.7079084937736897,818
622592,0.00011372950819672129,-0.0012083566980436444,0.01575123332440853,-5.331741809844971,37.261073967054834,0.9623046875,0.0,4356.37890625,0.7995804070734334,818
624640,0.00011311475409836063,-0.14659686386585236,0.011092176660895348,-5.3552141189575195,9.37338529950939,0.938037109375,0.0,335.6111755371094,0.8794022366766718,819
626688,0.0001125,-0.047845546156167984,0.01670847088098526,-5.361682415008545,9.97419845884433,0.945751953125,0.0,144.680419921875,0.7370669805152787,819
628736,0.00011188524590163935,0.009875698015093803,0.026577623561024666,-5.378249168395996,22.999647600192112,0.963671875,0.0,552.9354858398438,0.7786981688928707,819
630784,0.0001112704918032787,-0.044677648693323135,0.051407862454652786,-5.374438285827637,12.50406023026444,0.9478515625,0.0,644.8086547851562,0.7671056185004901,820
632832,0.00011065573770491802,-0.003924951888620853,0.026547379791736603,-5.383602619171143,16.834313119133004,0.956005859375,0.0,215.86605834960938,0.7524199253881695,820
634880,0.00011004098360655737,-0.056320153176784515,0.02801857888698578,-5.393051624298096,8.839754845103016,0.946826171875,0.0,179.11419677734375,0.789070199870783,820
636928,0.00010942622950819671,0.007344177924096584,0.02006596140563488,-5.395180702209473,50.166942083393224,0.96767578125,0.0,601.1621704101562,0.8121086751608368,819
638976,0.00010881147540983606,-0.011914948001503944,0.03427848219871521,-5.407253742218018,11.993195806420408,0.956591796875,0.0,1158.1893310546875,0.7273191488318054,817
641024,0.00010819672131147538,-0.046253934502601624,0.014747805893421173,-5.4154276847839355,12.47081860336184,0.9384765625,0.0,253.02523803710938,0.8115514754299475,817
643072,0.00010758196721311473,-0.14137373864650726,0.019319331273436546,-5.4336957931518555,6.005112756835297,0.936572265625,0.0,904.2514038085938,0.8043155620026973,817
645120,0.0001069672131147541,-0.1251327395439148,0.011894872412085533,-5.437007904052734,15.730311126509331,0.950048828125,0.0,778.6849975585938,0.7565862523925693,817
647168,0.00010635245901639344,0.03633623197674751,0.020188232883810997,-5.4501729011535645,16.358807484875435,0.9578125,0.0,1472.191650390625,0.8370887374807559,818
649216,0.00010573770491803277,-0.07561805844306946,0.022044144570827484,-5.456701278686523,22.20345778486226,0.96982421875,0.0,1144.362548828125,0.8657443776265817,818
651264,0.00010512295081967212,-1.7868560552597046,0.028998322784900665,-5.464079856872559,8.015486846707063,0.937158203125,0.0,545.4053955078125,0.8627755649983913,818
653312,0.00010450819672131146,-0.009853722527623177,0.07108746469020844,-5.473544120788574,12.696180743956939,0.93134765625,0.0,556.4729614257812,0.7692426098193303,818
655360,0.00010389344262295081,-0.02346986159682274,0.017735397443175316,-5.490678787231445,14.721491193360999,0.9587890625,0.0,638.36181640625,0.8244170367382948,818
657408,0.00010327868852459018,-0.3070087134838104,0.018874922767281532,-5.498417854309082,9.456818888528506,0.95419921875,0.0,285.78631591796875,0.9050360291125634,818
659456,0.00010266393442622948,0.03146591782569885,0.0034034529235213995,-5.492414474487305,68.56403896529227,0.975244140625,0.0,69.06709289550781,0.7205122736470662,819
661504,0.00010204918032786885,-0.08734311163425446,0.0028501811902970076,-5.503557205200195,6.215456891513895,0.9373046875,1.770812236474196e-29,427.4093017578125,0.025268405815581207,819
663552,0.0001014344262295082,-0.10588961094617844,0.0395766980946064,-5.508479595184326,7.717666412817198,0.9380859375,0.0,645.843505859375,0.6770288980358932,819
665600,0.00010081967213114754,-0.09588855504989624,0.047450099140405655,-5.519241809844971,9.788670388099854,0.93623046875,0.0,1053.2041015625,0.799880017223898,820
667648,0.00010020491803278687,-0.18887317180633545,0.045693691819906235,-5.538383960723877,10.326703180908225,0.94736328125,0.0,1618.39501953125,0.8751748293460392,820
669696,9.959016393442621e-05,-0.05651627480983734,0.018640533089637756,-5.5476908683776855,22.18189659262716,0.952978515625,0.0,592.2536010742188,0.8062622422373515,820
671744,9.897540983606556e-05,-0.07899268716573715,0.012801507487893105,-5.555736541748047,16.658586577745155,0.946240234375,0.0,1238.2091064453125,0.927294081003176,821
673792,9.836065573770491e-05,-0.10882169008255005,0.02933306246995926,-5.568445205688477,8.46413893691788,0.953125,1.6250436395033024e-30,569.2677001953125,0.1816534049906947,821
675840,9.774590163934423e-05,-0.11893609911203384,0.01146078109741211,-5.580938339233398,10.60694583603763,0.954345703125,0.0,481.07354736328125,0.10224588457773054,821
677888,9.713114754098358e-05,-0.474118173122406,0.035100363194942474,-5.595734596252441,5.949437717098045,0.92724609375,1.2149450697104603e-29,891.0880737304688,0.7958222989802308,822
679936,9.651639344262295e-05,0.11309028416872025,0.0083071980625391,-5.594348430633545,18.48190299664275,0.9583984375,0.0,598.3135375976562,0.7011768548381394,822
681984,9.59016393442623e-05,-0.00949217937886715,0.007163245230913162,-5.594981670379639,7.505750416906085,0.9455078125,0.0,2393.15380859375,0.6357283267480736,822
684032,9.528688524590164e-05,0.5760445594787598,0.051676034927368164,-5.603157043457031,22.433563253769535,0.964013671875,0.0,740.0209350585938,0.2416043381424008,823
686080,9.467213114754097e-05,-0.03103717230260372,0.024166075512766838,-5.611737251281738,14.901782063540304,0.943505859375,0.0,211.01589965820312,0.3104080802239867,823
688128,9.405737704918031e-05,0.2792804539203644,0.01657591387629509,-5.615279197692871,10.031036854081322,0.95146484375,0.0,508.4416198730469,0.2645547336236428,823
690176,9.344262295081966e-05,-0.4935527741909027,0.029135461896657944,-5.626938343048096,7.737816887377994,0.926904296875,0.0,4635.537109375,0.2517326028774767,824
692224,9.282786885245903e-05,-0.22158941626548767,0.020018331706523895,-5.634483814239502,6.529997048521182,0.947900390625,0.0,1197.94140625,0.2259938694703414,824
694272,9.221311475409833e-05,-0.21909968554973602,0.017539869993925095,-5.640369892120361,26.11766037340858,0.973388671875,0.0,661.4020385742188,0.21417726327113984,824
696320,9.15983606557377e-05,-0.36186641454696655,0.0066343192011117935,-5.65212345123291,4.623549593455391,0.93251953125,1.956955054928673e-24,2567.942138671875,0.588428113777274,825
698368,9.098360655737704e-05,-0.16491852700710297,0.0019128310959786177,-5.660446643829346,9.834918417676818,0.9505859375,0.0,356.5839538574219,0.27683031080439324,825
700416,9.03688524590164e-05,-0.13405969738960266,0.007804165594279766,-5.674278736114502,4.453017956970143,0.8990234375,9.668959403841238e-44,1748.2867431640625,0.6586946363535613,825
702464,8.975409836065574e-05,-0.16358104348182678,0.0020017805509269238,-5.674605846405029,4.809295720467344,0.94658203125,1.0545311625958358e-31,721.8267822265625,0.33317316441562295,826
704512,8.913934426229506e-05,-0.13601836562156677,0.0524936318397522,-5.680389881134033,12.412989110429772,0.956689453125,0.0,507.8632507324219,0.6371949526916041,826
706560,8.852459016393441e-05,-0.624918520450592,0.0024685042444616556,-5.683302879333496,9.090424175892258,0.9255859375,4.154152036412847e-34,38985.67578125,0.3419148576548322,826
708608,8.790983606557378e-05,-0.07330623269081116,0.03866100683808327,-5.694794178009033,6.707477450324222,0.94208984375,0.0,2522.582275390625,0.5925515614911491,827
710656,8.729508196721312e-05,-0.04101687669754028,0.005967636127024889,-5.702854633331299,6.217768227646593,0.943115234375,0.0,372.32989501953125,0.3181989365715636,828
712704,8.668032786885243e-05,-0.07282453775405884,0.031378716230392456,-5.708743572235107,10.27557840088557,0.9447265625,0.0,663.61083984375,0.3075234824814793,828
714752,8.60655737704918e-05,-0.9896108508110046,0.005810895469039679,-5.722612380981445,5.837986817507772,0.941015625,5.145607134579558e-34,786.6119995117188,0.2340107574767144,828
716800,8.545081967213114e-05,-0.3916306495666504,0.016483061015605927,-5.72064208984375,10.194283697393256,0.940869140625,0.0,4453.55029296875,0.7680515877215874,829
718848,8.483606557377049e-05,-0.1996917426586151,0.030809281393885612,-5.729059219360352,4.882579782870016,0.93935546875,1.401298464324817e-45,500.9847412109375,0.3718546749759972,829
720896,8.422131147540981e-05,0.10344837605953217,0.012739822268486023,-5.743118762969971,7.562863865843974,0.951171875,0.0,247.59954833984375,0.40498823215537805,829
722944,8.360655737704916e-05,-1.749436378479004,0.0064336745999753475,-5.74855375289917,20.69635014415544,0.9517578125,0.0,3385.537109375,0.6223935168542623,829
724992,8.299180327868851e-05,-0.1318824738264084,0.006457305047661066,-5.764336585998535,3.9373497835593296,0.922802734375,0.0,1042.943603515625,0.6996361253549326,830
727040,8.237704918032787e-05,-0.054113827645778656,0.03916668891906738,-5.776638031005859,5.50069660867739,0.93603515625,1.602593089187908e-29,744.4627075195312,0.38368953069474687,830
729088,8.176229508196722e-05,-0.3371904790401459,0.0742049589753151,-5.788234233856201,4.291170304932166,0.9365234375,1.8380184568054558e-23,2046.387451171875,0.28092706324168915,831
731136,8.114754098360655e-05,0.07109560072422028,0.005543413572013378,-5.799015045166016,9.588952173502184,0.9375,0.0,4183.95458984375,0.63214411947219,832
733184,8.05327868852459e-05,-0.02908339723944664,0.005993146914988756,-5.799526691436768,16.629143914181622,0.952978515625,0.0,385.57684326171875,0.6158243978363835,833
735232,7.991803278688524e-05,-0.07636307924985886,0.06600254774093628,-5.807541370391846,6.19779129504459,0.93251953125,0.0,513.3496704101562,0.34124778388461663,834
737280,7.930327868852459e-05,-0.1677653044462204,0.008197314105927944,-5.816483020782471,11.812942814955022,0.95439453125,0.0,2227.228515625,0.3495906790576324,835
739328,7.868852459016391e-05,-0.1531158685684204,0.016048448160290718,-5.821915626525879,6.437861315184273,0.941259765625,0.0,562.5623168945312,0.42975877050976674,836
741376,7.807377049180326e-05,-0.0586305595934391,0.010966389440000057,-5.833702564239502,4.34912725694885,0.9251953125,1.8708484964775519e-38,180.269287109375,0.6415628801516641,837
743424,7.745901639344263e-05,-0.0378103107213974,0.03259267285466194,-5.84104585647583,7.217282082181191,0.942578125,0.0,740.9039916992188,0.3790235737151284,838
745472,7.684426229508197e-05,0.0015631739515811205,0.004004539456218481,-5.848324298858643,11.71978445230925,0.940966796875,0.0,1120.5543212890625,0.37744045545473137,839
747520,7.62295081967213e-05,0.11109139025211334,0.028324808925390244,-5.853668212890625,8.637625292336452,0.94912109375,8.761058128805189e-41,6799.1474609375,0.35585795913311424,840
749568,7.561475409836064e-05,-0.3269161581993103,0.001229376532137394,-5.870809555053711,4.41669370867312,0.91279296875,9.147819307555767e-39,182.84698486328125,0.6511010922602098,841
751616,7.5e-05,-0.2880374789237976,0.004597834777086973,-5.879604339599609,6.8168007064057745,0.951220703125,1.321393399084333e-37,755.843505859375,0.44073137237386373,842
753664,7.438524590163934e-05,-0.04651974141597748,0.0529608353972435,-5.890729904174805,11.10048055050429,0.935498046875,0.0,277.2868347167969,0.35080760075662165,843
755712,7.377049180327869e-05,-0.5690575838088989,0.009345557540655136,-5.906219482421875,6.163680156396003,0.938232421875,0.0,554.1702880859375,0.6375312057659834,844
757760,7.315573770491801e-05,0.08830767124891281,0.032369308173656464,-5.912816047668457,4.8500348469300665,0.9173828125,1.2611686178923354e-44,223.88475036621094,0.6157667226442898,845
759808,7.254098360655736e-05,-0.10949818789958954,0.0031098893377929926,-5.924415588378906,9.527271225396543,0.929443359375,3.0386290364091616e-26,38680.84765625,0.6328420099367904,846
761856,7.192622950819672e-05,-0.10023900121450424,0.060756947845220566,-5.931353569030762,9.778511467506178,0.947900390625,0.0,1344.0491943359375,0.5185366160847644,847
763904,7.131147540983607e-05,0.038563452661037445,0.002821299945935607,-5.936995506286621,16.283928822918096,0.95966796875,0.0,3472.681396484375,0.5153523126806994,848
765952,7.06967213114754e-05,-0.22708000242710114,0.009924345649778843,-5.94508695602417,5.958743206423241,0.94794921875,7.928759876725731e-28,286.0184631347656,0.4927713103910454,849
768000,7.008196721311474e-05,-0.16013097763061523,0.019058112055063248,-5.953098773956299,5.3654212713096054,0.93095703125,8.287138988170536e-41,965.0049438476562,0.36186750650988,850
770048,6.946721311475409e-05,-0.21985115110874176,0.01961664669215679,-5.960365295410156,6.26691180790076,0.929931640625,1.6343343989420341e-41,437.8526611328125,0.3832736559671799,851
772096,6.885245901639344e-05,-0.14305278658866882,0.010531698353588581,-5.9688496589660645,3.686881215023459,0.91318359375,3.883413830570388e-33,1165.1104736328125,0.8199236115561483,852
774144,6.823770491803276e-05,-0.16457399725914001,0.058012112975120544,-5.979333877563477,6.454708055307856,0.94169921875,1.681418027343348e-41,3689.627197265625,0.3888920768788434,852
776192,6.762295081967211e-05,-0.42969244718551636,0.009945090860128403,-5.988794326782227,3.9073460350336973,0.92236328125,1.964644968381003e-31,158.18836975097656,0.7797158056427399,853
778240,6.700819672131147e-05,0.021161694079637527,0.006571169476956129,-5.993999004364014,3.7289910630555823,0.9275390625,7.247710724232194e-31,2040.40771484375,0.43286976454556125,854
780288,6.639344262295082e-05,-0.010744461789727211,0.0064170402474701405,-6.004655838012695,5.6886890298686925,0.949658203125,2.412880899081584e-22,182.95059204101562,0.39402104851527964,855
782336,6.577868852459017e-05,-0.20387102663516998,0.0089647825807333,-6.0128278732299805,6.89525261313247,0.9185546875,2.2623456436480086e-38,380.2980041503906,0.3322588927778718,856
784384,6.51639344262295e-05,-0.2989926338195801,0.02654433250427246,-6.017287731170654,4.456955569257843,0.908203125,0.0,253.52365112304688,0.4292818409779303,857
786432,6.454918032786884e-05,-0.22270384430885315,0.005945119541138411,-6.0273966789245605,5.482260665978538,0.932958984375,1.720524203717107e-38,200.1685028076172,0.36969195239754704,858
788480,6.393442622950819e-05,-0.08034029603004456,0.013252916745841503,-6.034358978271484,3.290349986037472,0.912939453125,2.3795159250689145e-16,1435.18994140625,0.37892858860977563,859
790528,6.331967213114755e-05,-0.049056485295295715,0.05309385806322098,-6.047091484069824,5.563773065665737,0.942138671875,1.4809968690416741e-30,154.52761840820312,0.4242867227748375,860
792576,6.270491803278686e-05,-0.1653713583946228,0.006600013934075832,-6.0517120361328125,4.188663088053,0.923828125,1.1034244497632907e-40,142.3379669189453,0.41952601909044085,861
794624,6.209016393442621e-05,-0.5285623073577881,0.011810313910245895,-6.057937145233154,6.939833350561093,0.939111328125,0.0,2541.195068359375,0.7087105193671488,861
796672,6.147540983606557e-05,-0.032496560364961624,0.03445552662014961,-6.069485187530518,4.9745624393865,0.917041015625,3.593209522221696e-41,5280.345703125,0.36495359626556234,862
798720,6.086065573770492e-05,-1.3409385681152344,0.016882123425602913,-6.075416088104248,2.9521230133832432,0.91689453125,8.55155199125081e-18,291.00830078125,0.35926857256907185,863
800768,6.024590163934424e-05,-0.08951660990715027,0.011822359636425972,-6.080000877380371,4.73561269462225,0.92470703125,1.6158928174934053e-25,283.4212951660156,0.42536245925209293,864
802816,5.963114754098359e-05,-0.12389359623193741,0.08542776107788086,-6.089583873748779,7.406052430951968,0.934423828125,0.0,295.2225036621094,0.4630291317784464,865
804864,5.901639344262294e-05,-0.14882992208003998,0.004763747565448284,-6.09281587600708,4.942271916929167,0.940966796875,5.2062685875838156e-24,693.3754272460938,0.46555453074672704,866
806912,5.84016393442623e-05,-0.0807499885559082,0.029769903048872948,-6.103548049926758,7.82015072958311,0.950927734375,1.5467605809994535e-34,156.4649658203125,0.47223247510348165,867
808960,5.778688524590165e-05,-0.032983649522066116,0.08441168069839478,-6.107044696807861,20.16715704505332,0.952783203125,0.0,399.6486511230469,0.43551145008513914,867
811008,5.717213114754097e-05,-0.11670316755771637,0.004173101857304573,-6.114823341369629,4.15693431882246,0.901953125,0.0,643.8414916992188,0.4856598505075457,867
813056,5.655737704918032e-05,-0.15981446206569672,0.009512798860669136,-6.1238789558410645,3.5405664639460155,0.900146484375,5.866805294408751e-37,540.8088989257812,0.5955279004352649,867
815104,5.594262295081967e-05,-0.147953599691391,0.05981192737817764,-6.136654376983643,4.490853466896806,0.928076171875,1.628616946679394e-24,3728.5615234375,0.41004914655825087,867
817152,5.532786885245902e-05,0.3959701657295227,0.006199141498655081,-6.137749195098877,4.024615576301585,0.90888671875,2.4814263997293324e-28,734.1962280273438,0.4511594118765916,868
819200,5.4713114754098344e-05,-0.5587315559387207,0.004654956981539726,-6.1467976570129395,3.9406169695197604,0.9208984375,2.2981294814927e-43,3692.1650390625,0.47218858365031724,868
821248,5.409836065573769e-05,-0.02703528106212616,0.014999828301370144,-6.156681537628174,6.643260472142719,0.93046875,2.802596928649634e-45,384.20751953125,0.4455213793422147,868
823296,5.348360655737705e-05,-0.2393958866596222,0.03511998429894447,-6.168300151824951,2.759184682474006,0.902783203125,3.0930534827925568e-21,3437.1826171875,0.32106789851017725,868
825344,5.28688524590164e-05,0.04148188233375549,0.0015917628770694137,-6.177608966827393,5.244501043821219,0.9296875,1.6922963457985925e-27,1073.354736328125,0.43223342858448033,866
827392,5.225409836065575e-05,-0.0818103700876236,0.019823264330625534,-6.18403959274292,3.8726547205558743,0.925537109375,1.0489234385833736e-29,298.99749755859375,0.44801465722636336,863
829440,5.163934426229507e-05,-177.9127655029297,0.001586738508194685,-6.187922954559326,3.8413501446775626,0.914013671875,1.5193955035103235e-14,8415.8994140625,0.4515198555334148,860
831488,5.102459016393442e-05,-0.23163002729415894,0.002532880986109376,-6.196201801300049,3.723185316543095,0.904345703125,2.052992067503494e-32,122.71347045898438,0.7751548091221863,857
833536,5.040983606557377e-05,-0.11027117818593979,0.039432428777217865,-6.206374168395996,2.6051078078104184,0.9080078125,1.2108259218639378e-16,1150.757568359375,0.4102937203025987,854
835584,4.979508196721312e-05,-0.15900030732154846,0.028224121779203415,-6.2085161209106445,9.067256203110446,0.947802734375,0.0,539.8960571289062,0.5756404530556816,851
837632,4.918032786885244e-05,-0.2065378725528717,0.022594284266233444,-6.217723369598389,3.0694153089018075,0.90556640625,1.0733299752119035e-16,938.9774169921875,0.30381195035377817,848
839680,4.856557377049179e-05,-0.14278997480869293,0.06288318336009979,-6.221963882446289,2.4987528157042105,0.904345703125,2.449263394096318e-13,148.00912475585938,0.38943465462924143,848
841728,4.795081967213115e-05,-0.0614255890250206,0.06045879051089287,-6.233455181121826,2.7249911318533124,0.909619140625,7.579007179320743e-24,183.93850708007812,0.3651393536291484,848
843776,4.7336065573770496e-05,-0.1390320211648941,0.04228868708014488,-6.240169048309326,3.9408275916357525,0.92158203125,1.9557854818619833e-22,2043.0782470703125,0.6594241365690227,848
845824,4.672131147540982e-05,-0.11441399157047272,0.02208862453699112,-6.246943950653076,2.0341721586330097,0.876025390625,2.731415476888198e-26,329.3028869628906,0.3391221564902466,848
847872,4.610655737704917e-05,-0.19952252507209778,0.003089339705184102,-6.255732536315918,3.2367777202627623,0.916259765625,4.774068462485181e-21,1105.842041015625,0.37546205875913785,848
849920,4.549180327868852e-05,0.11752599477767944,0.057368308305740356,-6.260076522827148,4.81672059337725,0.924267578125,6.461300997667741e-35,1356.48583984375,0.416560960912173,848
851968,4.487704918032787e-05,-0.2259232997894287,0.0013855311553925276,-6.266441822052002,2.5295669120154343,0.92548828125,2.8905940141488173e-12,246.32395935058594,0.3937143045295083,848
854016,4.426229508196723e-05,-0.28050437569618225,0.021646803244948387,-6.274077892303467,4.7082870797021315,0.9357421875,3.0204202950802463e-23,2636.868896484375,0.44475055896567306,848
856064,4.364754098360654e-05,-0.09735225141048431,0.008937225677073002,-6.282653331756592,4.832776503951754,0.9212890625,1.97172143252397e-27,4856.4306640625,0.4194406725112474,848
858112,4.30327868852459e-05,-0.07966259866952896,0.0019218063680455089,-6.2920074462890625,3.0751063229923603,0.911962890625,2.3517063405149863e-14,170.7743682861328,0.4622203408827906,848
860160,4.2418032786885246e-05,-0.1453111320734024,0.020389212295413017,-6.300243854522705,2.9976838662551017,0.9193359375,5.193589547124949e-18,1004.70849609375,0.6328927625335028,848
862208,4.18032786885246e-05,-0.03429151326417923,0.01317340973764658,-6.305447101593018,6.594525808477192,0.93369140625,7.366392755875454e-17,16530.462890625,0.4462324740773752,849
864256,4.118852459016392e-05,0.4675730764865875,0.003918942995369434,-6.314525127410889,2.6722100269515066,0.904296875,2.7115664971445135e-18,548.9970703125,0.4823723694142219,849
866304,4.057377049180327e-05,-0.08951205015182495,0.006929377559572458,-6.325046539306641,3.650328592097503,0.91494140625,0.0,360.4839172363281,0.7075916111118989,849
868352,3.995901639344262e-05,0.013665882870554924,0.0016096923500299454,-6.330356597900391,4.649938803241821,0.912646484375,1.0643553272454742e-32,425.1702880859375,0.4547587456260853,849
870400,3.934426229508198e-05,-0.06024232506752014,0.022884486243128777,-6.335899829864502,2.39443508333934,0.912158203125,1.67193706795965e-11,581.2081298828125,0.48623342078512477,849
872448,3.872950819672129e-05,-0.05077698826789856,0.008297782391309738,-6.338775634765625,3.565911061060615,0.92587890625,1.054279051151305e-21,342.8217468261719,0.5037769330084532,849
874496,3.811475409836065e-05,-0.095342718064785,0.062371980398893356,-6.345712661743164,3.3416644360811913,0.915869140625,7.006492321624085e-44,505.25384521484375,0.4839866395630994,849
876544,3.75e-05,-0.4808650612831116,0.0011609770590439439,-6.349491596221924,3.6117777971056055,0.931689453125,3.1987363800639974e-19,1425.6566162109375,0.48136370307910314,849
878592,3.6885245901639346e-05,-0.5185922384262085,0.0012751641916111112,-6.355865001678467,3.1742413924192077,0.928515625,9.621414208514318e-32,408.94757080078125,0.4979566384235684,849
880640,3.62704918032787e-05,-0.043390631675720215,0.041113920509815216,-6.361008167266846,4.014359015697846,0.916064453125,5.2889239343971533e-23,3929.951904296875,0.4914610465301662,849
882688,3.5655737704918016e-05,-0.046725764870643616,0.0013968887506052852,-6.367720603942871,3.9840639552799986,0.936669921875,0.0,244.56094360351562,0.5232664348042524,848
884736,3.504098360655737e-05,-1.1458662748336792,0.03186482936143875,-6.375197887420654,3.200215913943248,0.921044921875,2.0500569297698945e-10,2086.170654296875,0.5612484564639058,849
886784,3.442622950819672e-05,0.16086333990097046,0.003022786695510149,-6.381996154785156,2.281234360282542,0.919873046875,1.598279980585815e-10,278.48309326171875,0.5164164986264621,849
888832,3.3811475409836076e-05,-3.909241199493408,0.003297347342595458,-6.387576580047607,3.8595989056688267,0.9205078125,5.2297389509237124e-12,10358.2509765625,0.5462617991331462,849
890880,3.319672131147539e-05,-0.13262474536895752,0.004653621930629015,-6.390319347381592,2.2958545560162746,0.8779296875,2.055481912895303e-19,370.38470458984375,0.6569015654336865,849
892928,3.258196721311475e-05,-0.38836002349853516,0.001103683141991496,-6.393608570098877,2.868652141833445,0.91064453125,2.190754556204214e-27,1141.1458740234375,0.5135255903859313,849
894976,3.1967213114754096e-05,-0.006386755034327507,0.034391093999147415,-6.3984599113464355,4.041867011092836,0.936767578125,8.731407532964711e-24,535.3043823242188,0.5282919369406863,850
897024,3.135245901639345e-05,-0.13317465782165527,0.057713352143764496,-6.402129173278809,4.621930340694962,0.9357421875,1.4207218623388234e-39,277.385498046875,0.707452871631322,850
899072,3.0737704918032767e-05,-0.16135674715042114,0.035894397646188736,-6.409358501434326,3.2426023919688305,0.924462890625,1.8560624015088637e-16,716.9707641601562,0.534019578762416,850
901120,3.012295081967212e-05,-0.02995075285434723,0.0018419846892356873,-6.415244102478027,3.2066600728168853,0.935009765625,2.636095768754343e-12,675.34423828125,0.5311828195930288,850
903168,2.950819672131147e-05,-0.05039132013916969,0.025277232751250267,-6.4180803298950195,2.1760574323270703,0.9068359375,4.2807849143710816e-14,329.3738708496094,0.5546678825124458,851
905216,2.8893442622950823e-05,-0.12645204365253448,0.014733386225998402,-6.423605918884277,2.821977555655758,0.8919921875,5.604744397802385e-23,824.4008178710938,0.5155954760334944,851
907264,2.8278688524590176e-05,0.006957951467484236,0.008270842023193836,-6.427913188934326,3.025472951674601,0.92275390625,2.7962667704821894e-24,360.3395690917969,0.5415234230734944,851
909312,2.7663934426229494e-05,-0.12625190615653992,0.011258193291723728,-6.434056282043457,3.488525068000308,0.90634765625,0.0,243.78842163085938,0.705607041067148,851
911360,2.7049180327868846e-05,-0.14096462726593018,0.002177722053602338,-6.442837238311768,2.2640926222666167,0.921728515625,2.0143372646969082e-12,104.001953125,0.5204947124447279,851
913408,2.64344262295082e-05,-0.16352012753486633,0.005810584872961044,-6.448947429656982,2.2032617614924677,0.909814453125,7.754083085915228e-19,192.84303283691406,0.5034015403161787,852
915456,2.581967213114755e-05,-0.14875352382659912,0.01842460222542286,-6.457932472229004,2.3490028935455483,0.908349609375,7.410126911554959e-19,198.6040496826172,0.523344753151989,852
917504,2.520491803278687e-05,-0.07840560376644135,0.01015995442867279,-6.46425199508667,3.1803743783413667,0.919287109375,4.423767242322424e-23,2605.081298828125,0.5070203763519203,852
919552,2.459016393442622e-05,-0.09062006324529648,0.05230293050408363,-6.467967987060547,2.1360930113180077,0.92236328125,1.4457690280427274e-14,145.4357452392578,0.5146637439587397,852
921600,2.3975409836065574e-05,0.1389552652835846,0.0013361988821998239,-6.471599578857422,2.013680388362263,0.902685546875,1.0047894807851954e-11,597.0256958007812,0.49757778064206126,852
923648,2.3360655737704926e-05,-0.0026354268193244934,0.0016675060614943504,-6.478156089782715,2.3321399457316145,0.907861328125,1.1032405932277604e-14,349.6893310546875,0.5145896129095056,852
925696,2.2745901639344244e-05,0.005525574088096619,0.01683363877236843,-6.481535911560059,3.417481428038445,0.886669921875,4.324979180001897e-18,730.1637573242188,0.5108042906511805,853
927744,2.2131147540983597e-05,-27.732175827026367,0.03228212147951126,-6.4862751960754395,5.918947145616403,0.93564453125,2.200849942015585e-14,8859.4169921875,0.5018440147642145,853
929792,2.151639344262295e-05,0.005178824067115784,0.002214551903307438,-6.491988182067871,2.035210048957379,0.914404296875,1.2336276965230208e-11,92.93585205078125,0.6199631582207452,853
931840,2.09016393442623e-05,-0.28803297877311707,0.0027842004783451557,-6.498572826385498,2.901316239856533,0.91337890625,0.0,183.0225830078125,0.7908225495260952,854
933888,2.0286885245901653e-05,-0.006383595988154411,0.007318674121052027,-6.501907825469971,2.497836655375431,0.91201171875,1.592348120027509e-08,125.93354797363281,0.5505684415471381,854
935936,1.967213114754097e-05,-0.4698319435119629,0.0496913343667984,-6.504669666290283,3.6507023141079116,0.926171875,1.8820011179224118e-15,228.55775451660156,0.4786548207012262,855
937984,1.9057377049180324e-05,-0.026835495606064796,0.006780002731829882,-6.51008939743042,2.7611016776121686,0.930078125,2.8428075306519097e-15,340.51934814453125,0.6094446060065697,856
940032,1.8442622950819673e-05,-0.05968385934829712,0.019495511427521706,-6.515088081359863,3.4796028627082705,0.901953125,4.228196238801923e-24,840.3993530273438,0.5269722647113336,857
942080,1.7827868852459025e-05,-0.007361019961535931,0.01340652909129858,-6.519936561584473,2.3688091401039855,0.893603515625,6.4698483505739755e-16,339.9009704589844,0.5269352624291488,858
944128,1.7213114754098343e-05,-0.17836645245552063,0.00450005242601037,-6.524928569793701,2.1010958246479277,0.908544921875,3.978204077270675e-08,273.48834228515625,0.5273670159115003,859
946176,1.6598360655737696e-05,-0.05738488957285881,0.0952051654458046,-6.528190612792969,2.2031255435664208,0.89248046875,1.7645010452760346e-10,1799.4432373046875,0.5321512462964634,859
948224,1.5983606557377048e-05,0.3184817433357239,0.044362857937812805,-6.530627250671387,1.860566075105453,0.89404296875,3.9661426143311473e-08,459.1357421875,0.5398041362631564,860
950272,1.53688524590164e-05,-0.36867162585258484,0.0030795568600296974,-6.533359050750732,2.2049174812651473,0.887890625,2.769477980280044e-09,1085.96142578125,0.5379446640316206,860
952320,1.4754098360655752e-05,0.065385602414608,0.009292228147387505,-6.533928871154785,1.8151281171507434,0.830126953125,1.4526217998717225e-17,62.41545486450195,0.5272361116181743,860
954368,1.413934426229507e-05,0.07303857803344727,0.004584488924592733,-6.535731792449951,1.7150153073307592,0.8818359375,4.679320930733866e-09,276.45074462890625,0.5408629088770294,861
956416,1.3524590163934423e-05,-0.08166929334402084,0.04739366099238396,-6.539764881134033,2.0115324500220595,0.888134765625,8.098427745650182e-17,147.53208923339844,0.5457460139868555,861
958464,1.2909836065573775e-05,-0.04146656394004822,0.007246927358210087,-6.541934967041016,2.1237402582570213,0.877197265625,6.487059334148171e-09,579.7969970703125,0.5326685103539837,859
960512,1.2295081967213128e-05,-0.002862369641661644,0.002910332288593054,-6.542961120605469,1.4029858724650695,0.836181640625,1.2098160574204857e-14,679.9977416992188,0.5626658919187775,859
962560,1.1680327868852446e-05,-0.328469455242157,0.0034821743611246347,-6.545169830322266,2.39676985530823,0.880908203125,1.8079053878961027e-11,574.4837036132812,0.5501925422211077,859
964608,1.1065573770491798e-05,-0.2364799976348877,0.01746898517012596,-6.546599388122559,1.913212455570465,0.858984375,1.1889717370650033e-06,470.233642578125,0.5468881850957139,859
966656,1.045081967213115e-05,-0.19347740709781647,0.01563509739935398,-6.548369884490967,1.3544205657672137,0.83505859375,5.28400619259628e-07,163.93235778808594,0.5770612476118913,859
968704,9.836065573770501e-06,-0.08737418055534363,0.03675869107246399,-6.549503803253174,1.5323221127589932,0.8513671875,6.382937272064737e-07,115.90721130371094,0.5566364161255929,859
970752,9.221311475409821e-06,-0.23078763484954834,0.0045422837138175964,-6.550755023956299,1.6753080954338657,0.847021484375,4.1457832367086667e-07,345.1953430175781,0.5495888219227532,859
972800,8.606557377049172e-06,-0.7894241809844971,0.0016274078516289592,-6.551605224609375,2.188965841179015,0.86787109375,1.0646896697608099e-07,549.336181640625,0.5737403057451894,858
974848,7.991803278688524e-06,-0.28631019592285156,0.0018273285822942853,-6.553147315979004,2.0967518639401534,0.884716796875,1.7966817270065327e-11,320.4365539550781,0.5532620140101874,858
976896,7.377049180327876e-06,-0.18878445029258728,0.03489775210618973,-6.553875923156738,1.2093831374164439,0.807568359375,4.6782254514710075e-08,652.6188354492188,0.5603241609481437,858
978944,6.7622950819672285e-06,-0.07570259273052216,0.08644907176494598,-6.555531024932861,1.8108419459167635,0.8708984375,5.922153150095255e-07,349.7253723144531,0.49876774589611095,857
980992,6.147540983606547e-06,-0.048406898975372314,0.00820097979158163,-6.557049751281738,1.4049365937098628,0.85029296875,3.989000536136489e-12,96.70294189453125,0.6185978072159386,857
983040,5.532786885245899e-06,0.011275779455900192,0.0032736060675233603,-6.55739164352417,0.6913918113335967,0.754638671875,9.069816769624595e-06,238.43785095214844,0.7906642865689336,857
985088,4.9180327868852505e-06,-0.5445734262466431,0.0016098404303193092,-6.557541847229004,1.222024631613749,0.833984375,2.115446659445297e-05,72.74346923828125,0.5681962111510053,857
987136,4.303278688524603e-06,-0.3344567120075226,0.06267408281564713,-6.5574727058410645,1.3665160265256417,0.777587890625,2.630355311339372e-08,224.19476318359375,0.5600102751259597,856
989184,3.6885245901639216e-06,-2.148780345916748,0.01975548453629017,-6.557856559753418,0.7460686025297036,0.696728515625,3.441880608079373e-06,610.1244506835938,0.483472372126283,856
991232,3.0737704918032734e-06,-0.07712730765342712,0.020949270576238632,-6.5585408210754395,0.8449319362291134,0.771435546875,0.0004785722412634641,85.45638275146484,0.6323937556206605,856
993280,2.4590163934426253e-06,-0.026491239666938782,0.01833481527864933,-6.558823108673096,0.7263629414519528,0.729541015625,0.0004265290917828679,53.417198181152344,0.5519869593058029,856
995328,1.8442622950819775e-06,-0.2145012617111206,0.015104602091014385,-6.5587921142578125,0.4315235447953455,0.576171875,1.0416938067692172e-07,104.75859069824219,0.8104243159682365,856
997376,1.2295081967212961e-06,-0.13787230849266052,0.002432299079373479,-6.558757781982422,0.12823705946502742,0.390478515625,0.00731312483549118,21.37543296813965,0.5253282492803004,855
999424,6.147540983606481e-07,-0.12242715805768967,0.04928114637732506,-6.558640003204346,0.09695012555457652,0.40849609375,0.03153841570019722,12.207119941711426,0.5656164500184934,855
