env_id,variant,seed,episodes,last100_mean_return,wall_time_s,norm
HalfCheetah-v5,noclip,1,999,-111.648044987826,1178.1,0.04544879761254767
HalfCheetah-v5,noclip,2,999,64.34253087053513,1048.5,0.0910104383838706
HalfCheetah-v5,noclip,3,999,386.5630810760041,1150.0,0.17442909239983861
HalfCheetah-v5,clip0.1,1,999,1339.6628469496857,1124.0,0.42117406121519924
HalfCheetah-v5,clip0.1,2,999,1409.2296231010912,1088.7,0.43918398276452286
HalfCheetah-v5,clip0.1,3,999,1472.0913457881973,1139.6,0.45545805433549996
HalfCheetah-v5,clip0.2,1,999,1437.1845377059244,1123.4,0.44642114174764636
HalfCheetah-v5,clip0.2,2,999,3493.2689442968804,1158.5,0.978714298194894
HalfCheetah-v5,clip0.2,3,999,1470.4717821098893,1212.5,0.4550387706428508
HalfCheetah-v5,clip0.3,1,999,1479.0008583515341,1200.3,0.45724683608009214
HalfCheetah-v5,clip0.3,2,999,3575.489049956196,1137.1,1.0
HalfCheetah-v5,clip0.3,3,999,1460.4893642268873,1111.7,0.4524544542077446
Hopper-v5,noclip,1,8590,240.57752863939638,1285.2,0.08173002687958207
Hopper-v5,noclip,2,19713,20.374338928616798,1246.5,0.0007152176484524753
Hopper-v5,noclip,3,4746,1014.4565593113074,1167.8,0.3664473469156924
Hopper-v5,clip0.1,1,3373,2417.787933896339,1233.0,0.8827460606145691
Hopper-v5,clip0.1,2,3206,2648.2043283105995,1287.3,0.9675184032028573
Hopper-v5,clip0.1,3,3272,2288.0515690346965,1223.3,0.8350148408106641
Hopper-v5,clip0.2,1,2914,1377.9692549271433,1061.3,0.5001870612544852
Hopper-v5,clip0.2,2,2367,2718.173052348859,1104.6,0.9932605499789794
Hopper-v5,clip0.2,3,2923,2095.430284179872,1201.8,0.7641476718706279
Hopper-v5,clip0.3,1,2170,2620.0401180444915,1152.2,0.9571565273151781
Hopper-v5,clip0.3,2,2414,2736.4912883060806,1255.5,1.0
Hopper-v5,clip0.3,3,2585,1400.5850707295601,1114.9,0.5085076310211886
InvertedDoublePendulum-v5,noclip,1,28479,319.7731372172092,1056.6,0.04105561168532883
InvertedDoublePendulum-v5,noclip,2,23417,5554.554736313565,1025.4,0.8335562128958478
InvertedDoublePendulum-v5,noclip,3,59863,140.21020871682506,1150.8,0.013871339314492808
InvertedDoublePendulum-v5,clip0.1,1,5972,5497.671848036562,939.4,0.8249446362130884
InvertedDoublePendulum-v5,clip0.1,2,5497,5907.058979099284,920.0,0.8869223025881409
InvertedDoublePendulum-v5,clip0.1,3,6063,5763.251676157592,861.5,0.8651511222853316
InvertedDoublePendulum-v5,clip0.2,1,4805,6046.153937687756,1191.0,0.9079800747644902
InvertedDoublePendulum-v5,clip0.2,2,4685,6464.968896225988,924.7,0.9713850325749177
InvertedDoublePendulum-v5,clip0.2,3,4730,5799.495239692608,944.3,0.8706380839374607
InvertedDoublePendulum-v5,clip0.3,1,4569,5916.260422773987,1015.9,0.888315321476544
InvertedDoublePendulum-v5,clip0.3,2,4260,5775.865803473254,993.5,0.8670607919233418
InvertedDoublePendulum-v5,clip0.3,3,4182,6653.982134457931,808.2,1.0
InvertedPendulum-v5,noclip,1,16190,65.76,974.1,0.06249159503046479
InvertedPendulum-v5,noclip,2,23319,12.72,953.9,0.007623953904560926
InvertedPendulum-v5,noclip,3,55345,3.07,1010.5,-0.0023585637588058217
InvertedPendulum-v5,clip0.1,1,2225,972.04,769.9,1.0
InvertedPendulum-v5,clip0.1,2,2208,909.83,677.2,0.9356463809494254
InvertedPendulum-v5,clip0.1,3,2233,955.3,968.0,0.9826831766129783
InvertedPendulum-v5,clip0.2,1,1866,957.51,764.3,0.9849693283265577
InvertedPendulum-v5,clip0.2,2,1845,848.27,1007.3,0.8719651594616682
InvertedPendulum-v5,clip0.2,3,1872,887.45,1070.8,0.9124952156327262
InvertedPendulum-v5,clip0.3,1,1653,925.15,986.3,0.9514942742761382
InvertedPendulum-v5,clip0.3,2,1553,891.18,835.0,0.9163537431855093
InvertedPendulum-v5,clip0.3,3,1612,873.65,972.7,0.8982196981452172
Reacher-v5,noclip,1,19988,-16.421254842709388,1075.0,0.6947819092854948
Reacher-v5,noclip,2,19988,-29.481170772457528,955.7,0.35204771850228417
Reacher-v5,noclip,3,19988,-43.24350231372241,865.6,-0.009120116685812486
Reacher-v5,clip0.1,1,19988,-4.790893145031495,1193.1,1.0
Reacher-v5,clip0.1,2,19988,-5.826776949817095,880.6,0.9728150778696879
Reacher-v5,clip0.1,3,19988,-5.188058434583047,1105.6,0.9895771056372906
Reacher-v5,clip0.2,1,19988,-6.2674050130710075,1052.0,0.9612515805617374
Reacher-v5,clip0.2,2,19988,-7.823142362266964,1178.5,0.9204240297324591
Reacher-v5,clip0.2,3,19988,-8.280875872781062,1050.4,0.908411630482395
Reacher-v5,clip0.3,1,19988,-5.932645490936337,732.2,0.97003674690913
Reacher-v5,clip0.3,2,19988,-9.015239247510046,1095.7,0.8891395740363609
Reacher-v5,clip0.3,3,19988,-4.912076543672739,1083.2,0.99681975793006
Swimmer-v5,noclip,1,999,-4.692450481999288,1054.0,-0.051707446712503435
Swimmer-v5,noclip,2,999,-4.614717129188312,930.9,-0.05093805472415129
Swimmer-v5,noclip,3,999,18.587004141810652,1121.0,0.17870878046762356
Swimmer-v5,clip0.1,1,999,93.14902718120317,1065.2,0.9167114664103917
Swimmer-v5,clip0.1,2,999,101.56384961845808,962.1,1.0
Swimmer-v5,clip0.1,3,999,99.65291413957246,1069.0,0.9810858737653102
Swimmer-v5,clip0.2,1,999,91.75743257668444,831.2,0.9029376910484261
Swimmer-v5,clip0.2,2,999,72.87677833995846,1152.2,0.716060069290512
Swimmer-v5,clip0.2,3,999,99.80518791625674,948.9,0.9825930546545986
Swimmer-v5,clip0.3,1,999,47.27715775617639,1208.4,0.46267921963242764
Swimmer-v5,clip0.3,2,999,98.94032505651776,1006.6,0.9740327837895995
Swimmer-v5,clip0.3,3,999,48.60130353334175,1072.5,0.4757853975537472
Walker2d-v5,noclip,1,7381,340.281299730372,1156.8,0.07151303627804433
Walker2d-v5,noclip,2,3688,474.26194758906536,940.1,0.09981684686805838
Walker2d-v5,noclip,3,5248,385.64891732339964,882.9,0.08109708050977198
Walker2d-v5,clip0.1,1,3628,3646.132388847135,940.4,0.7698839171521012
Walker2d-v5,clip0.1,2,4137,3164.6955348432803,833.6,0.6681789489752871
Walker2d-v5,clip0.1,3,3944,2444.1755998300728,752.2,0.5159669684178291
Walker2d-v5,clip0.2,1,4560,1460.1506130728098,751.0,0.30808876148160635
Walker2d-v5,clip0.2,2,2854,4735.4239442938715,881.5,1.0
Walker2d-v5,clip0.2,3,3928,1407.023654660773,848.5,0.29686553340986455
Walker2d-v5,clip0.3,1,4678,2505.722307846778,787.5,0.5289688936509492
Walker2d-v5,clip0.3,2,2911,2865.906869597641,812.7,0.6050589542393685
Walker2d-v5,clip0.3,3,2432,3439.3972448117484,869.9,0.7262105027255029
